
-- Restore from backup: complete-backup-2025-10-03T03-57-55-324Z
DROP DATABASE IF EXISTS insapp_v3_restore_temp;
CREATE DATABASE insapp_v3_restore_temp;
USE insapp_v3_restore_temp;

-- MariaDB dump 10.19  Distrib 10.4.27-MariaDB, for Win64 (AMD64)
--
-- Host: localhost    Database: insapp_v3
-- ------------------------------------------------------
-- Server version	10.4.27-MariaDB

/*!40101 SET @OLD_CHARACTER_SET_CLIENT=@@CHARACTER_SET_CLIENT */;
/*!40101 SET @OLD_CHARACTER_SET_RESULTS=@@CHARACTER_SET_RESULTS */;
/*!40101 SET @OLD_COLLATION_CONNECTION=@@COLLATION_CONNECTION */;
/*!40101 SET NAMES utf8mb4 */;
/*!40103 SET @OLD_TIME_ZONE=@@TIME_ZONE */;
/*!40103 SET TIME_ZONE='+00:00' */;
/*!40014 SET @OLD_UNIQUE_CHECKS=@@UNIQUE_CHECKS, UNIQUE_CHECKS=0 */;
/*!40014 SET @OLD_FOREIGN_KEY_CHECKS=@@FOREIGN_KEY_CHECKS, FOREIGN_KEY_CHECKS=0 */;
/*!40101 SET @OLD_SQL_MODE=@@SQL_MODE, SQL_MODE='NO_AUTO_VALUE_ON_ZERO' */;
/*!40111 SET @OLD_SQL_NOTES=@@SQL_NOTES, SQL_NOTES=0 */;

--
-- Table structure for table `_prisma_migrations`
--

DROP TABLE IF EXISTS `_prisma_migrations`;
/*!40101 SET @saved_cs_client     = @@character_set_client */;
/*!40101 SET character_set_client = utf8 */;
CREATE TABLE `_prisma_migrations` (
  `id` varchar(36) NOT NULL,
  `checksum` varchar(64) NOT NULL,
  `finished_at` datetime(3) DEFAULT NULL,
  `migration_name` varchar(255) NOT NULL,
  `logs` text DEFAULT NULL,
  `rolled_back_at` datetime(3) DEFAULT NULL,
  `started_at` datetime(3) NOT NULL DEFAULT current_timestamp(3),
  `applied_steps_count` int(10) unsigned NOT NULL DEFAULT 0,
  PRIMARY KEY (`id`)
) ENGINE=InnoDB DEFAULT CHARSET=utf8mb4 COLLATE=utf8mb4_unicode_ci;
/*!40101 SET character_set_client = @saved_cs_client */;

--
-- Dumping data for table `_prisma_migrations`
--

LOCK TABLES `_prisma_migrations` WRITE;
/*!40000 ALTER TABLE `_prisma_migrations` DISABLE KEYS */;
INSERT INTO `_prisma_migrations` VALUES ('07dc34f1-e56d-41e1-8191-071a677d9e90','b245d4c47b907364cbdd710070aacc81df2c1a0d0e5edd53f666751bb31e5fb5','2025-10-02 03:46:45.769','20251002034645_add_system_user_model',NULL,NULL,'2025-10-02 03:46:45.621',1),('0d232f68-9eed-44b1-b72a-e1f079a8b7b5','122d743a0403e77ad7e0ed9447f5b8826f2fbdbc55612d936eff004dd13c2eec','2025-10-02 03:46:26.964','20251001071503_add_instagram_user',NULL,NULL,'2025-10-02 03:46:26.962',1),('0e8510c2-fd59-434f-a9ed-0b93c9f805c9','69108eaca4d1e43ebdcd1a6c8b036fb7c81603382df6f33b1f6d80db193b9d68','2025-10-02 03:46:26.917','20251001060906_add_reply_functionality',NULL,NULL,'2025-10-02 03:46:26.889',1),('10777591-dae0-408c-a5bb-433b0229f216','ede78e503cc07093c061d3517a8f853d181c4a452ce20fd57f191a947b4d45f6','2025-10-02 03:46:26.940','20251001062040_add_media_support',NULL,NULL,'2025-10-02 03:46:26.918',1),('2ef8dd4a-25d9-4c8b-8ac8-6169a214e6a7','22559e8cb2b7216072ac7f54d0b3b6f045b3cc3f4b1843e0e5e57ad7422198a1','2025-10-02 03:46:26.962','20251001064411_remove_media_support',NULL,NULL,'2025-10-02 03:46:26.940',1),('e00092f8-448b-40dc-b29b-cfc541013c0e','357554683ccbcfbbbd6dc78987785da2a86a8c4b0e2542b641e6b45770ca9b28','2025-10-02 03:46:26.889','20250930045312_init_instagram_message',NULL,NULL,'2025-10-02 03:46:26.869',1),('f1e6db0c-1513-4d0a-9ebf-8a5e4d59a2d4','f0e1a4310d1c262526092cc40ffa0040ce7dd6c0c3d0a7e29e0a6631940922ae','2025-10-03 02:54:00.469','20251003025400_add_instagram_is_from_business',NULL,NULL,'2025-10-03 02:54:00.463',1);
/*!40000 ALTER TABLE `_prisma_migrations` ENABLE KEYS */;
UNLOCK TABLES;

--
-- Table structure for table `instagramcomment`
--

DROP TABLE IF EXISTS `instagramcomment`;
/*!40101 SET @saved_cs_client     = @@character_set_client */;
/*!40101 SET character_set_client = utf8 */;
CREATE TABLE `instagramcomment` (
  `id` varchar(191) NOT NULL,
  `commentId` varchar(191) NOT NULL,
  `postId` varchar(191) NOT NULL,
  `parentCommentId` varchar(191) DEFAULT NULL,
  `userId` varchar(191) NOT NULL,
  `username` varchar(191) DEFAULT NULL,
  `text` text NOT NULL,
  `timestamp` datetime(3) NOT NULL,
  `isReplied` tinyint(1) NOT NULL DEFAULT 0,
  `isHidden` tinyint(1) NOT NULL DEFAULT 0,
  `createdAt` datetime(3) NOT NULL DEFAULT current_timestamp(3),
  `updatedAt` datetime(3) NOT NULL,
  PRIMARY KEY (`id`),
  UNIQUE KEY `InstagramComment_commentId_key` (`commentId`),
  KEY `InstagramComment_postId_fkey` (`postId`),
  KEY `InstagramComment_parentCommentId_fkey` (`parentCommentId`),
  CONSTRAINT `InstagramComment_parentCommentId_fkey` FOREIGN KEY (`parentCommentId`) REFERENCES `instagramcomment` (`commentId`) ON DELETE SET NULL ON UPDATE CASCADE,
  CONSTRAINT `InstagramComment_postId_fkey` FOREIGN KEY (`postId`) REFERENCES `instagrampost` (`postId`) ON UPDATE CASCADE
) ENGINE=InnoDB DEFAULT CHARSET=utf8mb4 COLLATE=utf8mb4_unicode_ci;
/*!40101 SET character_set_client = @saved_cs_client */;

--
-- Dumping data for table `instagramcomment`
--

LOCK TABLES `instagramcomment` WRITE;
/*!40000 ALTER TABLE `instagramcomment` DISABLE KEYS */;
INSERT INTO `instagramcomment` VALUES ('cmg8wu0cb000auea4f7s9l406','18136112443399569','18023650238759238',NULL,'801101532461905','ut_serang','ut serang kita semua','2025-10-02 04:23:24.725',1,0,'2025-10-02 04:23:24.731','2025-10-02 04:30:26.687'),('cmg8x33qs000fuea474rhw753','17925218688113238','18023650238759238','18136112443399569','17841404217906448','anugrahfadhilah2025','yes','2025-10-02 04:30:29.030',0,0,'2025-10-02 04:30:29.045','2025-10-02 04:30:29.045'),('cmg927im00006ueesu7i6zwt2','18088863280897181','18001134665657012',NULL,'801101532461905','ut_serang','dooo','2025-10-02 06:53:53.012',1,0,'2025-10-02 06:53:53.017','2025-10-02 06:54:29.078'),('cmg928c1v0009ueeszvn3hi6a','18530682946033620','18001134665657012','18088863280897181','17841404217906448','anugrahfadhilah2025','reee','2025-10-02 06:54:31.167',0,0,'2025-10-02 06:54:31.171','2025-10-02 06:54:31.171'),('cmg9298rt000cueesmahfwbml','17884684470379714','18001134665657012','18088863280897181','801101532461905','ut_serang','@anugrahfadhilah2025 miiii','2025-10-02 06:55:13.571',1,0,'2025-10-02 06:55:13.578','2025-10-02 06:55:29.681'),('cmg929n0t000fueesmpfyhnzr','18087327505896678','18001134665657012','18088863280897181','17841404217906448','anugrahfadhilah2025','faaa','2025-10-02 06:55:32.042',0,0,'2025-10-02 06:55:32.046','2025-10-02 06:55:32.046'),('cmg94w0hv000dueb082hwhprw','17953418411882827','17979207740865497',NULL,'794383986406351','anugrahfadhilah2025','selamat','2025-10-02 08:08:55.166',0,0,'2025-10-02 08:08:55.171','2025-10-02 08:08:55.171'),('cmg95ayso000sueb0o7nelqcv','17910592764219130','18071011406229507',NULL,'4626327820927750','add_the_i_raw_one','Zszsz','2025-10-02 08:20:32.803',1,0,'2025-10-02 08:20:32.809','2025-10-02 08:21:00.754'),('cmg95bn85000vueb0whgmw1j2','18102789442625352','18071011406229507','17910592764219130','17841404895525433','ut_serang','ini dengan pak ade yah','2025-10-02 08:21:04.466',0,0,'2025-10-02 08:21:04.470','2025-10-02 08:21:04.470'),('cmg95kr3l0010ueb0n5x3z0x5','18035452235704958','18071011406229507',NULL,'1469626874270988','ntannauliaaaaaa','min apakah web pendaftaran masi dlm maintenance?','2025-10-02 08:28:09.387',0,0,'2025-10-02 08:28:09.393','2025-10-02 08:28:09.393'),('cmg96914h001gueb0cmrmzagw','18103291228537442','18071011406229507',NULL,'1717786288924421','rslinia05_','info yudisium kapan yah min?','2025-10-02 08:47:02.125',0,0,'2025-10-02 08:47:02.129','2025-10-02 08:47:02.129'),('cmg96rvux001queb0qtltpcll','18036106196652024','18071011406229507',NULL,'2548061412229337','qardust','Yg praktikum gmn?','2025-10-02 09:01:41.762',0,0,'2025-10-02 09:01:41.769','2025-10-02 09:01:41.769'),('cmg96zz66001tueb067kvtpzl','18387056647134770','18071011406229507',NULL,'814098427826411','callmepale_','Non TTM gimana?','2025-10-02 09:07:59.305',0,0,'2025-10-02 09:07:59.310','2025-10-02 09:07:59.310'),('cmg980ahc002cueb08iy6qvmr','17945361150059305','18402210394138602',NULL,'1722809732441615','saniyyatulf','🔥🔥','2025-10-02 09:36:13.578',0,0,'2025-10-02 09:36:13.584','2025-10-02 09:36:13.584'),('cmg9b36id002tueb03mgw7g6c','18080256508982850','18071011406229507','18036106196652024','1327978612177019','ikawxyz_','@qardust 2in kak, gada infoo apa2 ini kak😢','2025-10-02 11:02:27.248',0,0,'2025-10-02 11:02:27.254','2025-10-02 11:02:27.254'),('cmg9zghyl004bueb0wfo0mbqm','18078448805047719','18071011406229507','18387056647134770','17841404895525433','ut_serang','@callmepale_ Halo kak.. Untuk non TTM ikut tuton ya kak..','2025-10-02 22:24:39.399',0,0,'2025-10-02 22:24:39.405','2025-10-02 22:24:39.405'),('cmg9zh2ec004eueb0xobmqvm8','17924856606136635','18071011406229507','18035452235704958','17841404895525433','ut_serang','@ntannauliaaaaaa Halo kak.. Betul kak, silakan dicek berkala yaa..','2025-10-02 22:25:05.885',0,0,'2025-10-02 22:25:05.892','2025-10-02 22:25:05.892'),('cmg9zimod004hueb06gxx8cxq','17968236458796669','18071011406229507','18103291228537442','17841404895525433','ut_serang','@rslinia05_ Halo kak.. Untuk tahap 1 sudah diumumkan kak, tahap 2 diumumkan tgl 8 Oktober, silakan cek berkala di web aksi.ut.ac.id pilih menu alumni..','2025-10-02 22:26:18.823',0,0,'2025-10-02 22:26:18.829','2025-10-02 22:26:18.829'),('cmg9zjk4e004kueb0c7hqyk00','17924995077016428','18071011406229507','18036106196652024','17841404895525433','ut_serang','@qardust Halo kak.. Silakan cek berkala di link yg sudah kami share..','2025-10-02 22:27:00.151',0,0,'2025-10-02 22:27:02.175','2025-10-02 22:27:02.175'),('cmga5zijt006pueb0qire3cze','17966077010817419','18071011406229507',NULL,'1467008454410557','aap_apiah03','Kak untuk link tuton masih di yg elerning itu kann ? Ko saya cek belum muncul yaa','2025-10-03 01:27:24.322',0,0,'2025-10-03 01:27:24.330','2025-10-03 01:27:24.330');
/*!40000 ALTER TABLE `instagramcomment` ENABLE KEYS */;
UNLOCK TABLES;

--
-- Table structure for table `instagrammessage`
--

DROP TABLE IF EXISTS `instagrammessage`;
/*!40101 SET @saved_cs_client     = @@character_set_client */;
/*!40101 SET character_set_client = utf8 */;
CREATE TABLE `instagrammessage` (
  `id` varchar(191) NOT NULL,
  `messageId` varchar(191) NOT NULL,
  `conversationId` varchar(191) NOT NULL,
  `senderId` varchar(191) NOT NULL,
  `recipientId` varchar(191) NOT NULL,
  `text` text NOT NULL,
  `timestamp` datetime(3) NOT NULL,
  `isRead` tinyint(1) NOT NULL DEFAULT 0,
  `createdAt` datetime(3) NOT NULL DEFAULT current_timestamp(3),
  `updatedAt` datetime(3) NOT NULL,
  `replyToId` varchar(191) DEFAULT NULL,
  `isFromBusiness` tinyint(1) NOT NULL DEFAULT 0,
  PRIMARY KEY (`id`),
  UNIQUE KEY `InstagramMessage_messageId_key` (`messageId`),
  KEY `InstagramMessage_replyToId_fkey` (`replyToId`),
  CONSTRAINT `InstagramMessage_replyToId_fkey` FOREIGN KEY (`replyToId`) REFERENCES `instagrammessage` (`id`) ON DELETE SET NULL ON UPDATE CASCADE
) ENGINE=InnoDB DEFAULT CHARSET=utf8mb4 COLLATE=utf8mb4_unicode_ci;
/*!40101 SET character_set_client = @saved_cs_client */;

--
-- Dumping data for table `instagrammessage`
--

LOCK TABLES `instagrammessage` WRITE;
/*!40000 ALTER TABLE `instagrammessage` DISABLE KEYS */;
INSERT INTO `instagrammessage` VALUES ('cmg8vyaiq0004uea4c9seaa59','aWdfZAG1faXRlbToxOklHTWVzc2FnZAUlEOjE3ODQxNDA0MjE3OTA2NDQ4OjM0MDI4MjM2Njg0MTcxMDMwMTI0NDI1OTk4OTAyODE1MDQxNzQwODozMjQ1NDc4NjkwMjkxMjgwNTY4ODMwMDAxMDM5NTkyNjUyOAZDZD','17841404217906448_801101532461905','801101532461905','17841404217906448','hallo','2025-10-02 03:58:43.384',1,'2025-10-02 03:58:44.930','2025-10-02 03:58:52.009',NULL,0),('cmg8vyn4u0005uea47osx38dc','aWdfZAG1faXRlbToxOklHTWVzc2FnZAUlEOjE3ODQxNDA0MjE3OTA2NDQ4OjM0MDI4MjM2Njg0MTcxMDMwMTI0NDI1OTk4OTAyODE1MDQxNzQwODozMjQ1NDc4NzIxMTMyNDAxMjA5MDM3MDM3MjQxMTU4ODYwOAZDZD','17841404217906448_801101532461905','17841404217906448','801101532461905','hallo juga','2025-10-02 03:59:00.103',0,'2025-10-02 03:59:01.279','2025-10-02 03:59:01.279',NULL,0),('cmg942mai000zueesqhh6ky47','aWdfZAG1faXRlbToxOklHTWVzc2FnZAUlEOjE3ODQxNDA0ODk1NTI1NDMzOjM0MDI4MjM2Njg0MTcxMDMwMTI0NDI1OTg2MDU0ODg4OTkyMDM0NzozMjQ1NTAzODQ3OTcwMTAzMDI1NDE4Mjc1MDIyNDM4NDAwMAZDZD','1154530023280708_17841404895525433','1154530023280708','17841404895525433','Siang kak, mau nanya untuk pendaftaran dibuka laginya kapan ya kak? Terimakasih 🙏','2025-10-02 07:46:01.389',1,'2025-10-02 07:46:03.738','2025-10-03 03:07:24.042',NULL,0),('cmg946rzh0010ueeschrv8uzb','aWdfZAG1faXRlbToxOklHTWVzc2FnZAUlEOjE3ODQxNDA0ODk1NTI1NDMzOjM0MDI4MjM2Njg0MTcxMDMwMTI0NDI1OTg2MDU0ODg4OTkyMDM0NzozMjQ1NTA0MjA5MDA4MTEyMjk1MDcxNzYzMjc4Mjc5NDc1MgZDZD','1154530023280708_17841404895525433','17841404895525433','1154530023280708','Halo kak, terima kasih atas ketertarikan terhadap UT Serang. Pendaftaran masih bisa ya kak.  Pendaftaran mahasiswa baru untuk tahun ajaran 2025/2026 Genap dibuka dari 1 Oktober sampai dengan 27 Januari. Calon mahasiswa dapat mendaftar secara online melalui admisi-sia.ut.ac.id. Terima kasih','2025-10-02 07:49:17.108',1,'2025-10-02 07:49:17.741','2025-10-03 03:51:14.480',NULL,1),('cmg94m3200001ueb0qh2x7lxe','aWdfZAG1faXRlbToxOklHTWVzc2FnZAUlEOjE3ODQxNDA0ODk1NTI1NDMzOjM0MDI4MjM2Njg0MTcxMDMwMTI0NDI1OTc5NTg0ODk5NjM5MDMzNzozMjQ1NTA1NTI1NDY5MDc1MjI0MDg5MzY0NzExNjA0MjI0MAZDZD','1179278924015579_17841404895525433','17841404895525433','1179278924015579','Halo kak, untuk tanggal 4 oktober itu tanggal mulainya ya kak, yang minggu jadwal untuk kakak ikuti','2025-10-02 08:01:10.763',1,'2025-10-02 08:01:11.928','2025-10-03 03:51:14.480',NULL,1),('cmg94rn7w0004ueb07ke1dfvb','aWdfZAG1faXRlbToxOklHTWVzc2FnZAUlEOjE3ODQxNDA0MjE3OTA2NDQ4OjM0MDI4MjM2Njg0MTcxMDMwMTI0NDI1OTk4OTAyODE1MDQxNzQwODozMjQ1NTA2MDAzODg0NTMwNTM2MTcwMzgwNDkxMjc5NTY0OAZDZD','17841404217906448_801101532461905','17841404217906448','801101532461905','tes cipta','2025-10-02 08:05:30.113',0,'2025-10-02 08:05:31.341','2025-10-02 08:05:31.341',NULL,0),('cmg94rng30005ueb0p00xlt95','aWdfZAG1faXRlbToxOklHTWVzc2FnZAUlEOjE3ODQxNDA0ODk1NTI1NDMzOjM0MDI4MjM2Njg0MTcxMDMwMTI0NDI1OTk4OTAyODE1MDQxNzQwODozMjQ1NTA2MDAzODg0NTMwNTM2MTcwMzgwNDkxMjc5NTY0OAZDZD','17841404895525433_794383986406351','794383986406351','17841404895525433','tes cipta','2025-10-02 08:05:30.113',1,'2025-10-02 08:05:31.636','2025-10-03 02:45:10.844',NULL,0),('cmg94t9zg0006ueb01mznb9nn','aWdfZAG1faXRlbToxOklHTWVzc2FnZAUlEOjE3ODQxNDA0ODk1NTI1NDMzOjM0MDI4MjM2Njg0MTcxMDMwMTI0NDI1OTg2MDU0ODg4OTkyMDM0NzozMjQ1NTA2MTQ0NDU4NDgyMzk0ODAwOTcwODk5OTE0NzUyMAZDZD','1154530023280708_17841404895525433','1154530023280708','17841404895525433','Pas pilih lokasi serang tutup ya kak','2025-10-02 08:06:46.318',1,'2025-10-02 08:06:47.501','2025-10-03 03:07:24.042',NULL,0),('cmg94uzpe000aueb0je249vjv','aWdfZAG1faXRlbToxOklHTWVzc2FnZAUlEOjE3ODQxNDA0ODk1NTI1NDMzOjM0MDI4MjM2Njg0MTcxMDMwMTI0NDI1OTg2MDQ1MzI5NjU5NjU3MzozMjQ1NTA2MjkyMDU2Mzc3MDEzNjEwNjUxNDU0OTU3MTU4NAZDZD','17841404895525433_1855208201741624','17841404895525433','1855208201741624','Halo kak, untuk jadwal wisuda selanjutnya yang terdekat di bulan januari ya kak, namun harus terjaring yudisium terlebih dahulu. Terima kasih','2025-10-02 08:08:06.331',1,'2025-10-02 08:08:07.490','2025-10-03 03:51:14.480',NULL,1),('cmg94xt0g000gueb04rny6naq','aWdfZAG1faXRlbToxOklHTWVzc2FnZAUlEOjE3ODQxNDA0ODk1NTI1NDMzOjM0MDI4MjM2Njg0MTcxMDMwMTI0NDI1OTg2MDU0ODg4OTkyMDM0NzozMjQ1NTA2NTM1MTY5MDg2Njk5MjQyNjk3NDcxNjEwMDYwOAZDZD','1154530023280708_17841404895525433','17841404895525433','1154530023280708','Halo kak, mohon maaf dari informasi terbaru website pendaftaran sedang perbaikan sistem dari pusat karena tingginya antusias calon mahasiswa yang akan mendaftar di awal periode pendaftaran, bisa dicek secara berkala ya kak, pendaftaran masih buka sampai 27 Januari.','2025-10-02 08:10:18.123',1,'2025-10-02 08:10:18.785','2025-10-03 03:51:14.480',NULL,1),('cmg954clq000hueb06aqjavhb','aWdfZAG1faXRlbToxOklHTWVzc2FnZAUlEOjE3ODQxNDA0ODk1NTI1NDMzOjM0MDI4MjM2Njg0MTcxMDMwMTI0NDI1OTc5NTg0ODk5NjM5MDMzNzozMjQ1NTA2OTYyNjA3OTgxMTc5MjI1ODI4NzU2NzYzNDQzMgZDZD','1179278924015579_17841404895525433','1179278924015579','17841404895525433','Oke makasih ya min','2025-10-02 08:14:09.838',1,'2025-10-02 08:15:24.110','2025-10-03 03:00:19.307',NULL,0),('cmg95975p000kueb00xww82en','aWdfZAG1faXRlbToxOklHTWVzc2FnZAUlEOjE3ODQxNDA0ODk1NTI1NDMzOjM0MDI4MjM2Njg0MTcxMDMwMTI0NDI2MDAwNDI1OTUxMjIzMDkyNzozMjQ1NTA3NTEwNDIyMDMwMTM4NzUzMTM5MzMxNjE1OTQ4OAZDZD','17841404895525433_4626327820927750','4626327820927750','17841404895525433','Helloooowww','2025-10-02 08:19:06.808',1,'2025-10-02 08:19:10.333','2025-10-02 08:19:44.985',NULL,0),('cmg960xcp001aueb06zeb9gyi','aWdfZAG1faXRlbToxOklHTWVzc2FnZAUlEOjE3ODQxNDA0ODk1NTI1NDMzOjM0MDI4MjM2Njg0MTcxMDMwMTI0NDI1OTg2MDQ1MzI5NjU5NjU3MzozMjQ1NTA5OTAxNDg3NDE3OTMxNjkyNTEwMjU5OTE3NjE5MgZDZD','17841404895525433_1855208201741624','1855208201741624','17841404895525433','okee kak terima kasih, berarti kalo untuk pokjar sudah ditanggung pihak pokjar ya ka?','2025-10-02 08:40:43.007',1,'2025-10-02 08:40:43.994','2025-10-03 03:07:50.175',NULL,0),('cmg96j184001jueb0vonjezvd','reply_1759395288817_snwbo1qyv','17841404895525433_4626327820927750','17841404895525433','4626327820927750','helooow juga','2025-10-02 08:54:48.818',1,'2025-10-02 08:54:48.820','2025-10-03 03:51:14.480',NULL,1),('cmg97sin70027ueb07pjra2wa','aWdfZAG1faXRlbToxOklHTWVzc2FnZAUlEOjE3ODQxNDA0ODk1NTI1NDMzOjM0MDI4MjM2Njg0MTcxMDMwMTI0NDI1OTg1OTQ4NTc5NjY5MzMyMzozMjQ1NTE1MzczOTQ5NDk3OTQ5NjM5MDExMTIxMjMzOTIwMAZDZD','1469626874270988_17841404895525433','1469626874270988','17841404895525433','min website pendaftaran masi maintenance kah?','2025-10-02 09:30:09.635',1,'2025-10-02 09:30:10.915','2025-10-03 03:08:18.177',NULL,0),('cmg9agpeb002nueb0rhprzgq4','aWdfZAG1faXRlbToxOklHTWVzc2FnZAUlEOjE3ODQxNDA0ODk1NTI1NDMzOjM0MDI4MjM2Njg0MTcxMDMwMTI0NDI1OTg2MDY2NTM0NjU3NTM2ODozMjQ1NTIzNjUxODQwNTcxOTIyNzM4NTQwNTI4MzIzNzg4OAZDZD','17841404895525433_829573696308546','829573696308546','17841404895525433','hallo min, untuk pendaftaran mahasiswa baru S1 ada di bulan apa lagi ya?','2025-10-02 10:44:57.089',1,'2025-10-02 10:44:58.643','2025-10-03 03:00:25.610',NULL,0),('cmg9akr4u002oueb0wz74xmgq','aWdfZAG1faXRlbToxOklHTWVzc2FnZAUlEOjE3ODQxNDA0ODk1NTI1NDMzOjM0MDI4MjM2Njg0MTcxMDMwMTI0NDI1OTg2MDY2NzI5OTkwODUwNjozMjQ1NTIzOTk3NjkzNTYwODkxMDA1MjgyMTQ5NjIzMzk4NAZDZD','17841404895525433_2716148158588277','2716148158588277','17841404895525433','halloo min izij tanya','2025-10-02 10:48:04.576',0,'2025-10-02 10:48:07.519','2025-10-02 10:48:07.519',NULL,0),('cmg9alat0002pueb0ko4gzrip','aWdfZAG1faXRlbToxOklHTWVzc2FnZAUlEOjE3ODQxNDA0ODk1NTI1NDMzOjM0MDI4MjM2Njg0MTcxMDMwMTI0NDI1OTg2MDY2NzI5OTkwODUwNjozMjQ1NTI0MDQ3Mzk5NzczNzc5NzQ2MzA2Nzc1NDIzMzg1NgZDZD','17841404895525433_2716148158588277','2716148158588277','17841404895525433','kalo pas lagi tuweb itu butuh modul ga min soalnya saya sambil kerja','2025-10-02 10:48:31.522',0,'2025-10-02 10:48:33.013','2025-10-02 10:48:33.013',NULL,0),('cmg9alr5m002queb0w1twlj5t','aWdfZAG1faXRlbToxOklHTWVzc2FnZAUlEOjE3ODQxNDA0ODk1NTI1NDMzOjM0MDI4MjM2Njg0MTcxMDMwMTI0NDI1OTg2MDY2NzI5OTkwODUwNjozMjQ1NTI0MDg3NDMyNzI0MzY5MTE2NDgyODIyNjgxMzk1MgZDZD','17841404895525433_2716148158588277','2716148158588277','17841404895525433','kalo butuh saya akan bawa modul','2025-10-02 10:48:53.224',0,'2025-10-02 10:48:54.202','2025-10-02 10:48:54.202',NULL,0),('cmg9bvqdu002zueb0zy3vzoj7','aWdfZAG1faXRlbToxOklHTWVzc2FnZAUlEOjE3ODQxNDA0ODk1NTI1NDMzOjM0MDI4MjM2Njg0MTcxMDMwMTI0NDI1OTg1OTQxODk3NjcwMDAwNTozMjQ1NTI4MDQ0MjA0MTg1MzI3NzU1NzY0NDkyMDM1Njg2NAZDZD','17841404895525433_785971364147262','785971364147262','17841404895525433','Tapi untuk tanggalnya belum ada, liatnya dimana ya?','2025-10-02 11:24:38.194',1,'2025-10-02 11:24:39.378','2025-10-03 03:27:01.280',NULL,0),('cmg9bwwf40031ueb0n007xfgb','aWdfZAG1faXRlbToxOklHTWVzc2FnZAUlEOjE3ODQxNDA0ODk1NTI1NDMzOjM0MDI4MjM2Njg0MTcxMDMwMTI0NDI1OTg2MDY5NDMwMzIzOTEzOTozMjQ1NTI4MTQzODA3MDM4Njg4OTg1MTI0ODE1OTIyNzkwNAZDZD','1083036166990784_17841404895525433','1083036166990784','17841404895525433','Info pembukaan pendaftaran mahasiswa baru kapan ya?','2025-10-02 11:25:32.189',1,'2025-10-02 11:25:33.857','2025-10-03 03:26:53.592',NULL,0),('cmg9edplh0039ueb0h39qe3mc','aWdfZAG1faXRlbToxOklHTWVzc2FnZAUlEOjE3ODQxNDA0ODk1NTI1NDMzOjM0MDI4MjM2Njg0MTcxMDMwMTI0NDI2MDAwMTkxMzgyOTEzMTE3MTozMjQ1NTM1Nzg1ODY4MjU1OTMwMDY3NTMyNTI4NTg5MjA5NgZDZD','17841404895525433_3832230123745285','3832230123745285','17841404895525433','assalamualaikum ka','2025-10-02 12:34:34.958',1,'2025-10-02 12:34:37.397','2025-10-03 02:44:09.989',NULL,0),('cmg9edr48003aueb0fd5ipoqy','aWdfZAG1faXRlbToxOklHTWVzc2FnZAUlEOjE3ODQxNDA0ODk1NTI1NDMzOjM0MDI4MjM2Njg0MTcxMDMwMTI0NDI2MDAwMTkxMzgyOTEzMTE3MTozMjQ1NTM1Nzg4MDkwMDc3NzA5Mzc0Mjk0MjE0ODg4NjUyOAZDZD','17841404895525433_3832230123745285','3832230123745285','17841404895525433','permisi','2025-10-02 12:34:36.163',1,'2025-10-02 12:34:39.369','2025-10-03 02:44:09.989',NULL,0),('cmg9eduv0003bueb0r2wpj2i8','aWdfZAG1faXRlbToxOklHTWVzc2FnZAUlEOjE3ODQxNDA0ODk1NTI1NDMzOjM0MDI4MjM2Njg0MTcxMDMwMTI0NDI2MDAwMTkxMzgyOTEzMTE3MTozMjQ1NTM1ODAwNDk1MjQwMDg3MTMxNjc2Nzc1Mjg0NzM2MAZDZD','17841404895525433_3832230123745285','3832230123745285','17841404895525433','apa pendaftaran ut sudah dibuka?','2025-10-02 12:34:42.888',1,'2025-10-02 12:34:44.221','2025-10-03 02:44:09.989',NULL,0),('cmg9ewwjk003cueb0n6sha4hc','aWdfZAG1faXRlbToxOklHTWVzc2FnZAUlEOjE3ODQxNDA0ODk1NTI1NDMzOjM0MDI4MjM2Njg0MTcxMDMwMTI0NDI1OTg2MDMzMzY0NjYwODUzODozMjQ1NTM3NDM5NTA4NjU1NzU1MDA5MjcxOTI4NzY5NzQwOAZDZD','17841404895525433_25306286078979175','25306286078979175','17841404895525433','Untuk pengumuman kelulusan bulan apa kak?','2025-10-02 12:49:31.399',1,'2025-10-02 12:49:32.865','2025-10-03 02:44:49.530',NULL,0),('cmg9fs5uo003hueb02wvm15z3','aWdfZAG1faXRlbToxOklHTWVzc2FnZAUlEOjE3ODQxNDA0ODk1NTI1NDMzOjM0MDI4MjM2Njg0MTcxMDMwMTI0NDI1OTgyMjM2NzUwMDQwNTE1MzozMjQ1NTQwMTMwMTYxMDM1OTQwMTI4Nzg1ODI2NDIxMTQ1NgZDZD','1496570585018109_17841404895525433','1496570585018109','17841404895525433','mau nanya','2025-10-02 13:13:50.004',1,'2025-10-02 13:13:51.265','2025-10-03 03:06:51.936',NULL,0),('cmg9k07ol0040ueb0j7ap93o2','aWdfZAG1faXRlbToxOklHTWVzc2FnZAUlEOjE3ODQxNDA0ODk1NTI1NDMzOjM0MDI4MjM2Njg0MTcxMDMwMTI0NDI1OTg2MDg3MjA4MzIyMTM2MTozMjQ1NTUzMjE1MjIxMDY0NDM3NDIwMjgyNTkyNDY3MzUzNgZDZD','17841404895525433_835628198970894','835628198970894','17841404895525433','Ka ko kalo di e learning matkul tuton nya cuma ada 5 ya. Sedangkan buku yg datang ada 6 matkul. Yg ga ada di e learning matkul BELAJAR DI ERA DIGITAL. Saya dari prodi manajemen semester 2 nim : 054891707 Ferdiansah','2025-10-02 15:12:03.429',1,'2025-10-02 15:12:05.350','2025-10-03 02:46:20.630',NULL,0),('cmg9onc0b0044ueb0gv9v1nck','aWdfZAG1faXRlbToxOklHTWVzc2FnZAUlEOjE3ODQxNDA0ODk1NTI1NDMzOjM0MDI4MjM2Njg0MTcxMDMwMTI0NDI1OTg2MDk2NzY2MzIxMTgwMzozMjQ1NTY3NTkzMDMwODcxMTMwNDc0NTYyNDQ5MzA5Njk2MAZDZD','1487281449165261_17841404895525433','1487281449165261','17841404895525433','halo kak selamat malam maaf ganggu, aku maba di UT serang prodi administrasi bisnis mau tanya, ada grup untuk maba prodi adbis ga yaa kak mau carii teman dan sharing sharing, pls min tell me yaa aku sama sekali belum dapat teman satu prodi huhu','2025-10-02 17:21:57.656',1,'2025-10-02 17:22:02.507','2025-10-03 03:16:43.768',NULL,0),('cmga452ht004sueb0v4u4pa19','aWdfZAG1faXRlbToxOklHTWVzc2FnZAUlEOjE3ODQxNDA0ODk1NTI1NDMzOjM0MDI4MjM2Njg0MTcxMDMwMTI0NDI1OTg2MDY2NTM0NjU3NTM2ODozMjQ1NjE1NjAwNjM5MjIyMTQyMDU0NDIwNzIxOTU4OTEyMAZDZD','17841404895525433_829573696308546','17841404895525433','829573696308546','Halo kak, terima kasih atas ketertarikan terhadap UT Serang. Untuk pendaftaran sedang dibuka ya kak dari 1 Oktober sampai dengan 27 Januari 2026, silakan melakukan pendaftaran online melalui admisi-sia.ut.ac.id. Terima kasih.','2025-10-03 00:35:42.632',1,'2025-10-03 00:35:44.225','2025-10-03 03:51:14.480',NULL,1),('cmga46xpc004tueb0tlirig4d','aWdfZAG1faXRlbToxOklHTWVzc2FnZAUlEOjE3ODQxNDA0ODk1NTI1NDMzOjM0MDI4MjM2Njg0MTcxMDMwMTI0NDI2MDAwMTkxMzgyOTEzMTE3MTozMjQ1NjE1NzYzMTE4Njg5OTY2OTEyNzMzMTU4NDE0NzQ1NgZDZD','17841404895525433_3832230123745285','17841404895525433','3832230123745285','Halo kak, terima kasih atas ketertarikan terhadap UT Serang. Untuk pendaftaran sedang dibuka ya kak dari 1 Oktober sampai dengan 27 Januari 2026, silakan melakukan pendaftaran online melalui admisi-sia.ut.ac.id. Terima kasih.','2025-10-03 00:37:10.713',1,'2025-10-03 00:37:11.329','2025-10-03 03:51:14.480',NULL,1),('cmga47m4w004uueb0bfsw97kc','aWdfZAG1faXRlbToxOklHTWVzc2FnZAUlEOjE3ODQxNDA0ODk1NTI1NDMzOjM0MDI4MjM2Njg0MTcxMDMwMTI0NDI1OTg2MDY5NDMwMzIzOTEzOTozMjQ1NjE1ODIwOTY1MjE2NzQxNzMyMDQ2ODAxMDUwMDA5NgZDZD','1083036166990784_17841404895525433','17841404895525433','1083036166990784','Halo kak, terima kasih atas ketertarikan terhadap UT Serang. Untuk pendaftaran sedang dibuka ya kak dari 1 Oktober sampai dengan 27 Januari 2026, silakan melakukan pendaftaran online melalui admisi-sia.ut.ac.id. Terima kasih.','2025-10-03 00:37:42.071',1,'2025-10-03 00:37:42.993','2025-10-03 03:51:14.480',NULL,1),('cmga47qts004vueb00jge7jgd','aWdfZAG1faXRlbToxOklHTWVzc2FnZAUlEOjE3ODQxNDA0ODk1NTI1NDMzOjM0MDI4MjM2Njg0MTcxMDMwMTI0NDI1OTgyMjM2NzUwMDQwNTE1MzozMjQ1NjE1ODMzMjc5MjA2MDg2OTA1MTE5OTAyNTg0MDEyOAZDZD','1496570585018109_17841404895525433','17841404895525433','1496570585018109','Halo kak','2025-10-03 00:37:48.747',1,'2025-10-03 00:37:49.073','2025-10-03 03:51:14.480',NULL,1),('cmga483fr004wueb09ftd6jz7','aWdfZAG1faXRlbToxOklHTWVzc2FnZAUlEOjE3ODQxNDA0ODk1NTI1NDMzOjM0MDI4MjM2Njg0MTcxMDMwMTI0NDI1OTgyMjM2NzUwMDQwNTE1MzozMjQ1NjE1ODYzMzAzNjkxMjExNjQzNDQxNjI1MDY1MDYyNAZDZD','1496570585018109_17841404895525433','1496570585018109','17841404895525433','iya ka','2025-10-03 00:38:05.023',1,'2025-10-03 00:38:05.415','2025-10-03 03:06:51.936',NULL,0),('cmga49jew004xueb0rngvllwe','aWdfZAG1faXRlbToxOklHTWVzc2FnZAUlEOjE3ODQxNDA0ODk1NTI1NDMzOjM0MDI4MjM2Njg0MTcxMDMwMTI0NDI1OTgyMjM2NzUwMDQwNTE1MzozMjQ1NjE1OTg3MjkwMjU4ODU2ODkyNTE1NzUzMzQxNzQ3MgZDZD','1496570585018109_17841404895525433','1496570585018109','17841404895525433','saya kan daftar udah 2 hari saya belum dapet e-mail','2025-10-03 00:39:12.236',1,'2025-10-03 00:39:12.776','2025-10-03 03:06:51.936',NULL,0),('cmga4akbf004yueb06qa05hxw','aWdfZAG1faXRlbToxOklHTWVzc2FnZAUlEOjE3ODQxNDA0ODk1NTI1NDMzOjM0MDI4MjM2Njg0MTcxMDMwMTI0NDI1OTYwNjM5NjMxODY3OTI3MjozMjQ1NjE2MDcxMTk1OTk3Mzg4NTI4MTAwNjkzMTQxMDk0NAZDZD','17841404895525433_812461994630103','812461994630103','17841404895525433','Halo kak','2025-10-03 00:39:57.722',1,'2025-10-03 00:40:00.604','2025-10-03 03:02:11.872',NULL,0),('cmga4avzg004zueb0p103j40a','aWdfZAG1faXRlbToxOklHTWVzc2FnZAUlEOjE3ODQxNDA0ODk1NTI1NDMzOjM0MDI4MjM2Njg0MTcxMDMwMTI0NDI1OTg2MDk2NzY2MzIxMTgwMzozMjQ1NjE2MTAyOTIyMDQ3MDgwMTEzNTM4ODc1Nzg1MjE2MAZDZD','1487281449165261_17841404895525433','17841404895525433','1487281449165261','Halo kak, biasanya grup prodi dibuat oleh mahasiswa yaa. Kakak apakah sudah join grup mahasiswa baru 2025A yang ada di bio instagram kami?','2025-10-03 00:40:14.921',1,'2025-10-03 00:40:15.724','2025-10-03 03:51:14.480',NULL,1),('cmga4b4vi0050ueb0u7rhcam8','aWdfZAG1faXRlbToxOklHTWVzc2FnZAUlEOjE3ODQxNDA0ODk1NTI1NDMzOjM0MDI4MjM2Njg0MTcxMDMwMTI0NDI1OTYwNjM5NjMxODY3OTI3MjozMjQ1NjE2MTI0MjgyNTY1MDYwNzI5OTU2NDI2ODQyMTEyMAZDZD','17841404895525433_812461994630103','812461994630103','17841404895525433','Aku kesulitan login akun tuton kak krna hp saya ilang kmrn','2025-10-03 00:40:26.500',1,'2025-10-03 00:40:27.246','2025-10-03 03:02:11.872',NULL,0),('cmga4b9kc0051ueb0ylaa0ku2','aWdfZAG1faXRlbToxOklHTWVzc2FnZAUlEOjE3ODQxNDA0ODk1NTI1NDMzOjM0MDI4MjM2Njg0MTcxMDMwMTI0NDI1OTYwNjM5NjMxODY3OTI3MjozMjQ1NjE2MTM2MTkwMjQ2NDIwOTM1NTAyOTQ0NDgyMDk5MgZDZD','17841404895525433_812461994630103','812461994630103','17841404895525433','Boleh minta bantuannya','2025-10-03 00:40:32.955',1,'2025-10-03 00:40:33.324','2025-10-03 03:02:11.872',NULL,0),('cmga4bhvt0052ueb0clce3k7o','aWdfZAG1faXRlbToxOklHTWVzc2FnZAUlEOjE3ODQxNDA0ODk1NTI1NDMzOjM0MDI4MjM2Njg0MTcxMDMwMTI0NDI1OTYwNjM5NjMxODY3OTI3MjozMjQ1NjE2MTU0OTM5NzIwMDExNjM4NzAyMDEyMDUyMjc1MgZDZD','17841404895525433_812461994630103','812461994630103','17841404895525433','Untuk Nim nya 053988511','2025-10-03 00:40:43.119',1,'2025-10-03 00:40:44.106','2025-10-03 03:02:11.872',NULL,0),('cmga4dyrc0053ueb0wq3s8exw','aWdfZAG1faXRlbToxOklHTWVzc2FnZAUlEOjE3ODQxNDA0ODk1NTI1NDMzOjM0MDI4MjM2Njg0MTcxMDMwMTI0NDI1OTgyMjM2NzUwMDQwNTE1MzozMjQ1NjE2MzY4MTk2NTQyMjc5MzQyOTA5NDk1MTI4ODgzMgZDZD','1496570585018109_17841404895525433','17841404895525433','1496570585018109','Halo kak, mohon maaf memang server sedang maintenance karena masih masa awal pembukaan pendaftaran. Silakan bisa dicoba cek folder spam atau melakukan pendaftaran ulang ya kak Terima kasih, semoga membantu.','2025-10-03 00:42:38.726',1,'2025-10-03 00:42:39.289','2025-10-03 03:51:14.480',NULL,1),('cmga4enft0054ueb0urq4mcx8','aWdfZAG1faXRlbToxOklHTWVzc2FnZAUlEOjE3ODQxNDA0ODk1NTI1NDMzOjM0MDI4MjM2Njg0MTcxMDMwMTI0NDI1OTgyMjM2NzUwMDQwNTE1MzozMjQ1NjE2NDI3NTgxMjI0OTgzMzA2NzkwOTA1ODkyMDQ0OAZDZD','1496570585018109_17841404895525433','1496570585018109','17841404895525433','udah di coba','2025-10-03 00:43:10.919',1,'2025-10-03 00:43:11.274','2025-10-03 03:06:51.936',NULL,0),('cmga4f1bc0055ueb0l35wivxl','aWdfZAG1faXRlbToxOklHTWVzc2FnZAUlEOjE3ODQxNDA0ODk1NTI1NDMzOjM0MDI4MjM2Njg0MTcxMDMwMTI0NDI1OTgyMjM2NzUwMDQwNTE1MzozMjQ1NjE2NDYwNTM3MDU2MzgzMzU2NTk0MjgyMjk5MzkyMAZDZD','1496570585018109_17841404895525433','1496570585018109','17841404895525433','e-mail nya engga ke ditek','2025-10-03 00:43:28.784',1,'2025-10-03 00:43:29.257','2025-10-03 03:06:51.936',NULL,0),('cmga4gtxt005kueb07sjz35bk','aWdfZAG1faXRlbToxOklHTWVzc2FnZAUlEOjE3ODQxNDA0ODk1NTI1NDMzOjM0MDI4MjM2Njg0MTcxMDMwMTI0NDI1OTYwNjM5NjMxODY3OTI3MjozMjQ1NjE2NjE1MTk5NDY5MjIwNjA5ODk2NTEzNDgzNTcxMgZDZD','17841404895525433_812461994630103','17841404895525433','812461994630103','Halo kak, kesulitannya bagaimana kak apakah lupa password?','2025-10-03 00:44:52.627',1,'2025-10-03 00:44:53.010','2025-10-03 03:51:14.480',NULL,1),('cmga4gwqh005nueb07ljj0fk7','aWdfZAG1faXRlbToxOklHTWVzc2FnZAUlEOjE3ODQxNDA0ODk1NTI1NDMzOjM0MDI4MjM2Njg0MTcxMDMwMTI0NDI1OTg0ODQyODE1MTEzMjQyMTozMjQ1NjE2NjIxNjEwODE1OTAxNTE5NTczNTMxMjMwMjA4MAZDZD','17841404895525433_824433566906165','824433566906165','17841404895525433','min ini gini aja, padahal udh nunggu besok, itu notif nya ada aja yang merah','2025-10-03 00:44:56.102',1,'2025-10-03 00:44:56.634','2025-10-03 03:02:47.689',NULL,0),('cmga4h6zm005oueb0cmav9c7w','aWdfZAG1faXRlbToxOklHTWVzc2FnZAUlEOjE3ODQxNDA0ODk1NTI1NDMzOjM0MDI4MjM2Njg0MTcxMDMwMTI0NDI1OTYwNjM5NjMxODY3OTI3MjozMjQ1NjE2NjQ2MzA2NDAzNzUzNTcwMjcyNjExOTI2MDE2MAZDZD','17841404895525433_812461994630103','812461994630103','17841404895525433','Betul kak lupa pasword','2025-10-03 00:45:09.490',1,'2025-10-03 00:45:09.923','2025-10-03 03:02:11.872',NULL,0),('cmga4hdk0005pueb0s9joyjy9','aWdfZAG1faXRlbToxOklHTWVzc2FnZAUlEOjE3ODQxNDA0ODk1NTI1NDMzOjM0MDI4MjM2Njg0MTcxMDMwMTI0NDI1OTYwNjM5NjMxODY3OTI3MjozMjQ1NjE2NjYxOTUxMzU2NzI0OTQ2ODE5NDk2OTA5MjA5NgZDZD','17841404895525433_812461994630103','812461994630103','17841404895525433','Dan untuk username itu yg mna yh','2025-10-03 00:45:17.971',1,'2025-10-03 00:45:18.432','2025-10-03 03:02:11.872',NULL,0),('cmga4hm59005queb0lh94eq1b','aWdfZAG1faXRlbToxOklHTWVzc2FnZAUlEOjE3ODQxNDA0ODk1NTI1NDMzOjM0MDI4MjM2Njg0MTcxMDMwMTI0NDI1OTYwNjM5NjMxODY3OTI3MjozMjQ1NjE2NjgyNTk1NzMxNTE3Nzg0ODcwMDkzMjE5NDMwNAZDZD','17841404895525433_812461994630103','812461994630103','17841404895525433','053988511@ecampus.ut.ac.id','2025-10-03 00:45:29.162',1,'2025-10-03 00:45:29.565','2025-10-03 03:02:11.872',NULL,0),('cmga4hp0u005rueb0qnx0gah5','aWdfZAG1faXRlbToxOklHTWVzc2FnZAUlEOjE3ODQxNDA0ODk1NTI1NDMzOjM0MDI4MjM2Njg0MTcxMDMwMTI0NDI1OTYwNjM5NjMxODY3OTI3MjozMjQ1NjE2Njg5Mjc2NjU4OTE2NTg3NzM4NDk4MjgyMjkxMgZDZD','17841404895525433_812461994630103','812461994630103','17841404895525433','Yg ini BKN ka','2025-10-03 00:45:32.784',1,'2025-10-03 00:45:33.294','2025-10-03 03:02:11.872',NULL,0),('cmga4i314005sueb0gpepveju','aWdfZAG1faXRlbToxOklHTWVzc2FnZAUlEOjE3ODQxNDA0ODk1NTI1NDMzOjM0MDI4MjM2Njg0MTcxMDMwMTI0NDI1OTg2MDMzMzY0NjYwODUzODozMjQ1NjE2NzIzMDU1OTQxOTA0MDQxNDkyMDMzMDk2OTA4OAZDZD','17841404895525433_25306286078979175','17841404895525433','25306286078979175','Halo kak, untuk pengumuman kelulusan tahap 2 tanggal 8 Oktober ya kak','2025-10-03 00:45:51.096',1,'2025-10-03 00:45:51.449','2025-10-03 03:51:14.480',NULL,1),('cmga4p1h5005tueb0ax5lttjv','aWdfZAG1faXRlbToxOklHTWVzc2FnZAUlEOjE3ODQxNDA0ODk1NTI1NDMzOjM0MDI4MjM2Njg0MTcxMDMwMTI0NDI1OTg2MDY2NTM0NjU3NTM2ODozMjQ1NjE3MzIxNDM2NTkzMTAwMDQ2OTczMzk4MzEyNTUwNAZDZD','17841404895525433_829573696308546','829573696308546','17841404895525433','nanti mulai perkuliahannya di bulan apa ya kak?','2025-10-03 00:51:15.479',1,'2025-10-03 00:51:16.025','2025-10-03 03:00:25.610',NULL,0),('cmga4pmso005uueb0z6bqkczg','aWdfZAG1faXRlbToxOklHTWVzc2FnZAUlEOjE3ODQxNDA0ODk1NTI1NDMzOjM0MDI4MjM2Njg0MTcxMDMwMTI0NDI1OTYwNjM5NjMxODY3OTI3MjozMjQ1NjE3MzcyNTg4NDc1NDc3MTcwMjA4MjEzMzAzMjk2MAZDZD','17841404895525433_812461994630103','17841404895525433','812461994630103','Username NIM ya kak','2025-10-03 00:51:43.208',1,'2025-10-03 00:51:43.656','2025-10-03 03:51:14.480',NULL,1),('cmga4qcvx005vueb0m4xb1ner','aWdfZAG1faXRlbToxOklHTWVzc2FnZAUlEOjE3ODQxNDA0ODk1NTI1NDMzOjM0MDI4MjM2Njg0MTcxMDMwMTI0NDI1OTYwNjM5NjMxODY3OTI3MjozMjQ1NjE3NDM0ODMzODQyMzU4NTk2ODE5NDY5NTcyNTA1NgZDZD','17841404895525433_812461994630103','17841404895525433','812461994630103','Bisa ikuti panduan reset pasword yang ada di web https://elearning.ut.ac.id/ ya kak','2025-10-03 00:52:16.951',1,'2025-10-03 00:52:17.469','2025-10-03 03:51:14.480',NULL,1),('cmga4uru7005wueb0x8cmjz8t','aWdfZAG1faXRlbToxOklHTWVzc2FnZAUlEOjE3ODQxNDA0ODk1NTI1NDMzOjM0MDI4MjM2Njg0MTcxMDMwMTI0NDI1OTg2MDY2NTM0NjU3NTM2ODozMjQ1NjE3ODE1MzE0Njc1NjA5NzU0Mzk4MjI1NzUzNzAyNAZDZD','17841404895525433_829573696308546','17841404895525433','829573696308546','Jika ada Tutorial Tatap Muka (TTM) mulai tanggal 28 Maret, Tutorial Online mulai 13 April ya kak, untuk lebih lengkapnya bisa cek kalender akademik kita ya kak https://www.ut.ac.id/kalender-akademik/','2025-10-03 00:55:43.210',1,'2025-10-03 00:55:43.471','2025-10-03 03:51:14.480',NULL,1),('cmga4wiks005xueb01hwfrdhn','aWdfZAG1faXRlbToxOklHTWVzc2FnZAUlEOjE3ODQxNDA0ODk1NTI1NDMzOjM0MDI4MjM2Njg0MTcxMDMwMTI0NDI1OTg2MDY2NTM0NjU3NTM2ODozMjQ1NjE3OTY0NzU4Mjk3OTQ1MDIxNjQyNzU3NzkzMzgyNAZDZD','17841404895525433_829573696308546','829573696308546','17841404895525433','kalau untuk kelas karyawan nanti full daring kan kak? atau gimana?','2025-10-03 00:57:04.224',1,'2025-10-03 00:57:04.781','2025-10-03 03:00:25.610',NULL,0),('cmga55yfs005yueb0p9enduzm','aWdfZAG1faXRlbToxOklHTWVzc2FnZAUlEOjE3ODQxNDA0ODk1NTI1NDMzOjM0MDI4MjM2Njg0MTcxMDMwMTI0NDI1OTg2MDY2NTM0NjU3NTM2ODozMjQ1NjE4Nzc3NTQ2OTI3NTU5OTMwMzI0NTc3OTk1OTgwOAZDZD','17841404895525433_829573696308546','17841404895525433','829573696308546','Untuk metode pembelajaran kami tidak membeda-bedakan kelas karyawan ataupun reguler, namun untuk pembelajaran kita memang fleksibel kak ada pilihan yang full online dan untuk ujian juga nanti ada pilihan mau ujian offline atau online. misalnya ada acara seperti ujian offline atau osmb offline pun biasanya dilaksanakan di hari sabtu-minggu kak.','2025-10-03 01:04:24.838',1,'2025-10-03 01:04:25.240','2025-10-03 03:51:14.480',NULL,1),('cmga56ym0005zueb0wb9dsjfp','aWdfZAG1faXRlbToxOklHTWVzc2FnZAUlEOjE3ODQxNDA0ODk1NTI1NDMzOjM0MDI4MjM2Njg0MTcxMDMwMTI0NDI1OTg2MDY2NTM0NjU3NTM2ODozMjQ1NjE4ODYzNzg5MjA2MzI3NTkyNjYzNTM0NjM5NTEzNgZDZD','17841404895525433_829573696308546','17841404895525433','829573696308546','Jadi walaupun tidak ada kelas khusus karyawan tapi dapat dipastikan sangat fleksibel ya kak pembelajarannya','2025-10-03 01:05:11.590',1,'2025-10-03 01:05:12.121','2025-10-03 03:51:14.480',NULL,1),('cmga5iqzf0064ueb08jk77d9k','aWdfZAG1faXRlbToxOklHTWVzc2FnZAUlEOjE3ODQxNDA0ODk1NTI1NDMzOjM0MDI4MjM2Njg0MTcxMDMwMTI0NDI1OTg2MDg3MjA4MzIyMTM2MTozMjQ1NjE5ODc3OTgzNTY1OTI2Nzk0OTI1MTExNzcxMTM2MAZDZD','17841404895525433_835628198970894','17841404895525433','835628198970894','Halo kak, untuk permasalahan tersebut silakan hubungi whatsapp pelayanan 087788731275 di hari dan jam kerja. Terima kasih','2025-10-03 01:14:21.385',1,'2025-10-03 01:14:22.108','2025-10-03 03:51:14.480',NULL,1),('cmga6liz9006zueb0qjskhopy','aWdfZAG1faXRlbToxOklHTWVzc2FnZAUlEOjE3ODQxNDA0ODk1NTI1NDMzOjM0MDI4MjM2Njg0MTcxMDMwMTI0NDI1OTg2MDMzMzY0NjYwODUzODozMjQ1NjIzMjE0NTE1OTA4MTQzOTYwOTk5NTk5NDg1NzQ3MgZDZD','17841404895525433_25306286078979175','25306286078979175','17841404895525433','Baik kak terimakasih informasinya','2025-10-03 01:44:30.123',1,'2025-10-03 01:44:31.318','2025-10-03 02:44:49.530',NULL,0),('cmga8q2nx0000uehsi1hrd72e','aWdfZAG1faXRlbToxOklHTWVzc2FnZAUlEOjE3ODQxNDA0ODk1NTI1NDMzOjM0MDI4MjM2Njg0MTcxMDMwMTI0NDI2MDAwMTkxMzgyOTEzMTE3MTozMjQ1NjI3ODg2ODQyMDUyMjQ5NDU4MDg3NTYxMjY1MTUyMAZDZD','17841404895525433_3832230123745285','3832230123745285','17841404895525433','terima kasih ka','2025-10-03 02:26:42.996',1,'2025-10-03 02:44:02.685','2025-10-03 02:44:09.989',NULL,0),('cmga8s0mr0001uehs0eey8eik','reply_1759459533359_yzus8jl0v','17841404895525433_794383986406351','17841404895525433','794383986406351','test','2025-10-03 02:45:33.361',1,'2025-10-03 02:45:33.364','2025-10-03 03:51:14.480',NULL,1),('cmga8s0qn0002uehs2tdij2qt','aWdfZAG1faXRlbToxOklHTWVzc2FnZAUlEOjE3ODQxNDA0MjE3OTA2NDQ4OjM0MDI4MjM2Njg0MTcxMDMwMTI0NDI1OTk4OTAyODE1MDQxNzQwODozMjQ1NjI5OTY4NzYwOTY0ODY4MjkzMTA3NDU2MDQyNTk4NAZDZD','17841404217906448_801101532461905','801101532461905','17841404217906448','test','2025-10-03 02:45:31.607',1,'2025-10-03 02:45:33.503','2025-10-03 02:51:08.700',NULL,0),('cmga8yua50003uehsdb85ed4u','aWdfZAG1faXRlbToxOklHTWVzc2FnZAUlEOjE3ODQxNDA0ODk1NTI1NDMzOjM0MDI4MjM2Njg0MTcxMDMwMTI0NDI1OTk4OTAyODE1MDQxNzQwODozMjQ1NjMwNTU4NTI2Mzc5NjgzOTk2MjAzMTcyMzM4MDczNgZDZD','17841404895525433_794383986406351','17841404895525433','794383986406351','halo','2025-10-03 02:50:51.319',1,'2025-10-03 02:50:51.726','2025-10-03 03:51:14.480',NULL,1),('cmga8yupl0004uehsk2lw1wps','aWdfZAG1faXRlbToxOklHTWVzc2FnZAUlEOjE3ODQxNDA0MjE3OTA2NDQ4OjM0MDI4MjM2Njg0MTcxMDMwMTI0NDI1OTk4OTAyODE1MDQxNzQwODozMjQ1NjMwNTU4NTI2Mzc5NjgzOTk2MjAzMTcyMzM4MDczNgZDZD','17841404217906448_801101532461905','801101532461905','17841404217906448','halo','2025-10-03 02:50:51.319',1,'2025-10-03 02:50:52.281','2025-10-03 02:51:08.700',NULL,0),('cmga9cuxo0002uebk7f800va9','aWdfZAG1faXRlbToxOklHTWVzc2FnZAUlEOjE3ODQxNDA0ODk1NTI1NDMzOjM0MDI4MjM2Njg0MTcxMDMwMTI0NDI1OTg2MDY2NTM0NjU3NTM2ODozMjQ1NjMxNzY0ODY3OTA0NTMyMjkzNDQ1NjE1ODI1NzE1MgZDZD','17841404895525433_829573696308546','17841404895525433','829573696308546','iyya kak sangat flesible, karena UT memang salahsatu nya didesain untuk  masayarakat yang sudah bekerja','2025-10-03 03:01:45.278',1,'2025-10-03 03:01:45.756','2025-10-03 03:01:54.737',NULL,1),('cmga9lsie000buebkqpkooex9','aWdfZAG1faXRlbToxOklHTWVzc2FnZAUlEOjE3ODQxNDA0ODk1NTI1NDMzOjM0MDI4MjM2Njg0MTcxMDMwMTI0NDI1OTg1OTQ4NTc5NjY5MzMyMzozMjQ1NjMyNTMzNjU1OTk4ODEyODc3NDY1MTU2NjM1ODUyOAZDZD','1469626874270988_17841404895525433','17841404895525433','1469626874270988','masih kak, harap dicoba berkala ya','2025-10-03 03:08:42.039',1,'2025-10-03 03:08:42.518','2025-10-03 03:08:50.202',NULL,1),('cmgaa6af7000bueqswoijg0lo','aWdfZAG1faXRlbToxOklHTWVzc2FnZAUlEOjE3ODQxNDA0ODk1NTI1NDMzOjM0MDI4MjM2Njg0MTcxMDMwMTI0NDI1OTg2MDY2NTM0NjU3NTM2ODozMjQ1NjM0MjkyMDgyMDMwNzY3MjUzOTI2NzkzMTgzMjMyMAZDZD','17841404895525433_829573696308546','829573696308546','17841404895525433','baik, terima kasih atas informasinya kak','2025-10-03 03:24:35.284',1,'2025-10-03 03:24:38.851','2025-10-03 03:26:38.333',NULL,0);
/*!40000 ALTER TABLE `instagrammessage` ENABLE KEYS */;
UNLOCK TABLES;

--
-- Table structure for table `instagrampost`
--

DROP TABLE IF EXISTS `instagrampost`;
/*!40101 SET @saved_cs_client     = @@character_set_client */;
/*!40101 SET character_set_client = utf8 */;
CREATE TABLE `instagrampost` (
  `id` varchar(191) NOT NULL,
  `postId` varchar(191) NOT NULL,
  `caption` text DEFAULT NULL,
  `mediaType` varchar(191) DEFAULT NULL,
  `permalink` varchar(191) DEFAULT NULL,
  `createdAt` datetime(3) NOT NULL DEFAULT current_timestamp(3),
  `updatedAt` datetime(3) NOT NULL,
  PRIMARY KEY (`id`),
  UNIQUE KEY `InstagramPost_postId_key` (`postId`)
) ENGINE=InnoDB DEFAULT CHARSET=utf8mb4 COLLATE=utf8mb4_unicode_ci;
/*!40101 SET character_set_client = @saved_cs_client */;

--
-- Dumping data for table `instagrampost`
--

LOCK TABLES `instagrampost` WRITE;
/*!40000 ALTER TABLE `instagrampost` DISABLE KEYS */;
INSERT INTO `instagrampost` VALUES ('cmg8wu0c70008uea4fbqjxqpc','18023650238759238',NULL,'UNKNOWN',NULL,'2025-10-02 04:23:24.728','2025-10-02 04:23:24.728'),('cmg9268c70001ueeskb4px1j7','18001134665657012',NULL,'UNKNOWN',NULL,'2025-10-02 06:52:53.047','2025-10-02 06:52:53.047'),('cmg94w0hs000bueb0gcrwfhbg','17979207740865497',NULL,'UNKNOWN',NULL,'2025-10-02 08:08:55.169','2025-10-02 08:08:55.169'),('cmg95aysl000queb0cuoy91ew','18071011406229507',NULL,'UNKNOWN',NULL,'2025-10-02 08:20:32.806','2025-10-02 08:20:32.806'),('cmg980ah9002aueb0u7i8ygtr','18402210394138602',NULL,'UNKNOWN',NULL,'2025-10-02 09:36:13.581','2025-10-02 09:36:13.581');
/*!40000 ALTER TABLE `instagrampost` ENABLE KEYS */;
UNLOCK TABLES;

--
-- Table structure for table `instagramuser`
--

DROP TABLE IF EXISTS `instagramuser`;
/*!40101 SET @saved_cs_client     = @@character_set_client */;
/*!40101 SET character_set_client = utf8 */;
CREATE TABLE `instagramuser` (
  `id` varchar(191) NOT NULL,
  `username` varchar(191) DEFAULT NULL,
  `name` varchar(191) DEFAULT NULL,
  `lastFetched` datetime(3) NOT NULL DEFAULT current_timestamp(3),
  `createdAt` datetime(3) NOT NULL DEFAULT current_timestamp(3),
  `updatedAt` datetime(3) NOT NULL,
  PRIMARY KEY (`id`)
) ENGINE=InnoDB DEFAULT CHARSET=utf8mb4 COLLATE=utf8mb4_unicode_ci;
/*!40101 SET character_set_client = @saved_cs_client */;

--
-- Dumping data for table `instagramuser`
--

LOCK TABLES `instagramuser` WRITE;
/*!40000 ALTER TABLE `instagramuser` DISABLE KEYS */;
INSERT INTO `instagramuser` VALUES ('1083036166990784','muhamadmahmadi','Muhamad Mahmadi','2025-10-02 11:25:34.355','2025-10-02 11:25:34.356','2025-10-02 11:25:34.356'),('1154530023280708','husniah04','Nia Husniah','2025-10-02 08:06:47.894','2025-10-02 08:06:47.896','2025-10-02 08:06:47.896'),('1179278924015579','xycaa__15',NULL,'2025-10-02 08:15:24.616','2025-10-02 08:15:24.619','2025-10-02 08:15:24.619'),('1467008454410557','aap_apiah03','Aap Apiah','2025-10-03 01:27:24.777','2025-10-03 01:27:24.778','2025-10-03 01:27:24.778'),('1469626874270988','ntannauliaaaaaa','tanaul','2025-10-02 09:30:11.607','2025-10-02 09:30:11.608','2025-10-02 09:30:11.608'),('1487281449165261','pptpdf_','foto','2025-10-02 17:22:03.385','2025-10-02 17:22:03.387','2025-10-02 17:22:03.387'),('1496570585018109','idr_mzk','Indra Muzaki','2025-10-02 13:13:51.856','2025-10-02 13:13:51.857','2025-10-02 13:13:51.857'),('1717786288924421','rslinia05_','Santika Hasanah Roslinia','2025-10-02 08:47:02.586','2025-10-02 08:47:02.588','2025-10-02 08:47:02.588'),('17841404895525433','ut_serang','Universitas Terbuka Serang','2025-10-02 07:49:18.464','2025-10-02 07:49:18.466','2025-10-02 07:49:18.466'),('25306286078979175','rnldhrs_','hahahahaha_is','2025-10-02 12:49:33.393','2025-10-02 12:49:33.394','2025-10-02 12:49:33.394'),('2716148158588277','ze4ayaa','zya','2025-10-02 10:48:08.106','2025-10-02 10:48:08.108','2025-10-02 10:48:08.108'),('3832230123745285','cesaa_ptr',NULL,'2025-10-02 12:34:38.112','2025-10-02 12:34:38.113','2025-10-02 12:34:38.113'),('4626327820927750','add_the_i_raw_one','Be_Bearz','2025-10-02 08:19:10.914','2025-10-02 08:19:10.915','2025-10-02 08:19:10.915'),('785971364147262','youronlynisya','Nisya','2025-10-02 11:24:39.894','2025-10-02 11:24:39.895','2025-10-02 11:24:39.895'),('794383986406351','anugrahfadhilah2025','fadhilah','2025-10-02 08:05:32.103','2025-10-02 08:05:32.104','2025-10-02 08:05:32.104'),('801101532461905','ut_serang','Universitas Terbuka Serang','2025-10-02 03:58:45.514','2025-10-02 03:58:45.516','2025-10-02 03:58:45.516'),('812461994630103','natnutttt12','Nurul Karimah','2025-10-03 00:40:01.284','2025-10-03 00:40:01.285','2025-10-03 00:40:01.285'),('824433566906165','dayyyn4',NULL,'2025-10-03 00:44:57.075','2025-10-03 00:44:57.076','2025-10-03 00:44:57.076'),('829573696308546','nlsriii_','دياه نيلاساري','2025-10-02 10:44:59.400','2025-10-02 10:44:59.401','2025-10-02 10:44:59.401'),('835628198970894','syaferd','Fer','2025-10-02 15:12:06.113','2025-10-02 15:12:06.114','2025-10-02 15:12:06.114');
/*!40000 ALTER TABLE `instagramuser` ENABLE KEYS */;
UNLOCK TABLES;

--
-- Table structure for table `systemuser`
--

DROP TABLE IF EXISTS `systemuser`;
/*!40101 SET @saved_cs_client     = @@character_set_client */;
/*!40101 SET character_set_client = utf8 */;
CREATE TABLE `systemuser` (
  `id` varchar(191) NOT NULL,
  `username` varchar(191) NOT NULL,
  `password` varchar(191) NOT NULL,
  `name` varchar(191) NOT NULL,
  `email` varchar(191) DEFAULT NULL,
  `role` varchar(191) NOT NULL,
  `isActive` tinyint(1) NOT NULL DEFAULT 1,
  `lastLogin` datetime(3) DEFAULT NULL,
  `createdAt` datetime(3) NOT NULL DEFAULT current_timestamp(3),
  `updatedAt` datetime(3) NOT NULL,
  PRIMARY KEY (`id`),
  UNIQUE KEY `SystemUser_username_key` (`username`)
) ENGINE=InnoDB DEFAULT CHARSET=utf8mb4 COLLATE=utf8mb4_unicode_ci;
/*!40101 SET character_set_client = @saved_cs_client */;

--
-- Dumping data for table `systemuser`
--

LOCK TABLES `systemuser` WRITE;
/*!40000 ALTER TABLE `systemuser` DISABLE KEYS */;
INSERT INTO `systemuser` VALUES ('cmg8vjefg0000uewo20qyk2tl','staff1','$2b$10$SM0SRT7enn5evA1jsKvp7u3FRDLIWnWbT42e88Q7sMUe/tcJuP2Ia','Customer Service Staff','staff@company.com','staff',1,'2025-10-02 03:48:51.048','2025-10-02 03:47:10.157','2025-10-02 03:48:51.049'),('cmg8vjehi0001uewomn71fj0c','admin1','$2b$10$4iSB90OQQJHW48asFMuGJe11Qq0B.BmtyhD0Vb6iDPqNK4Qc/3d2i','System Administrator','admin@company.com','admin',1,'2025-10-02 04:15:58.176','2025-10-02 03:47:10.231','2025-10-02 04:15:58.177'),('cmg8vjejh0002uewoczt74yug','manager1','$2b$10$M5TwHko0OuZPrHHuu3Vmgunhw/SD0n1Tr4chq4RCKNsjdWgxep33C','Department Manager','manager@company.com','manager',1,NULL,'2025-10-02 03:47:10.302','2025-10-02 03:47:10.302'),('cmg8vjelh0003uewocv7n9qog','direktur1','$2b$10$TlekyhcchFHjfcpPKajZsu8xGSzsxPpjAziO52mFO82BvPY1YUxbu','Executive Director','direktur@company.com','direktur',1,'2025-10-02 07:57:26.252','2025-10-02 03:47:10.373','2025-10-02 07:57:26.253'),('cmg8wiw930007uea4pa2oefpy','test_user_1759378486106','$2b$10$9MN80IBPvzf16Z.R39ah4e3nLhkwt2aaiK0yEAZZhYGEOHT3NL/4i','Test User','test@example.com','staff',1,NULL,'2025-10-02 04:14:46.215','2025-10-02 04:14:46.215'),('cmg8x0j7n000cuea44dvuvzat','cipta','$2b$10$joSqUY7G03VNVaPDRsgSWed8QY3XrmUimeKC/0X770w7eZDi7eGlu','cipta anugrah','cipta@ecampus.ut.ac.id','admin',1,'2025-10-03 02:44:03.493','2025-10-02 04:28:29.123','2025-10-03 02:44:03.495'),('cmg8xczsd000juea4vzxxd2ik','ade','$2b$10$vgCiaWSp1J8qNzXuddsNDupuVH81iuS4wYNjkiI0/gUSxqKBNAH0a','ade irawan','ade-rawan@ecampus.ut.ac.id','admin',1,'2025-10-02 06:59:07.431','2025-10-02 04:38:10.477','2025-10-02 06:59:07.432');
/*!40000 ALTER TABLE `systemuser` ENABLE KEYS */;
UNLOCK TABLES;

--
-- Table structure for table `whatsappcontact`
--

DROP TABLE IF EXISTS `whatsappcontact`;
/*!40101 SET @saved_cs_client     = @@character_set_client */;
/*!40101 SET character_set_client = utf8 */;
CREATE TABLE `whatsappcontact` (
  `id` varchar(191) NOT NULL,
  `name` varchar(191) DEFAULT NULL,
  `profileName` varchar(191) DEFAULT NULL,
  `lastSeen` datetime(3) NOT NULL DEFAULT current_timestamp(3),
  `isBlocked` tinyint(1) NOT NULL DEFAULT 0,
  `createdAt` datetime(3) NOT NULL DEFAULT current_timestamp(3),
  `updatedAt` datetime(3) NOT NULL,
  PRIMARY KEY (`id`)
) ENGINE=InnoDB DEFAULT CHARSET=utf8mb4 COLLATE=utf8mb4_unicode_ci;
/*!40101 SET character_set_client = @saved_cs_client */;

--
-- Dumping data for table `whatsappcontact`
--

LOCK TABLES `whatsappcontact` WRITE;
/*!40000 ALTER TABLE `whatsappcontact` DISABLE KEYS */;
INSERT INTO `whatsappcontact` VALUES ('119198277759152@lid','119198277759152','119198277759152','2025-10-02 08:25:34.223',0,'2025-10-02 08:25:34.224','2025-10-02 08:25:34.224'),('120363024795214472@g.us','120363024795214472','120363024795214472','2025-10-02 05:26:36.120',0,'2025-10-02 05:26:36.121','2025-10-02 05:26:36.121'),('120363296634596674@g.us','120363296634596674','120363296634596674','2025-10-02 03:52:48.728',0,'2025-10-02 03:51:44.309','2025-10-02 03:52:48.729'),('120363349504907516@g.us','120363349504907516','120363349504907516','2025-10-02 04:55:03.173',0,'2025-10-02 03:55:11.330','2025-10-02 04:55:03.175'),('57626264096940@lid','57626264096940','57626264096940','2025-10-03 03:45:27.841',0,'2025-10-02 13:32:57.224','2025-10-03 03:45:27.842'),('601153397445@s.whatsapp.net','601153397445','601153397445','2025-10-02 20:43:06.040',0,'2025-10-02 05:28:24.161','2025-10-02 20:43:06.042'),('6281210210925@s.whatsapp.net','6281210210925','6281210210925','2025-10-03 03:19:17.952',0,'2025-10-02 11:16:51.823','2025-10-03 03:19:17.953'),('6281212976331@s.whatsapp.net','6281212976331','6281212976331','2025-10-03 03:36:24.939',0,'2025-10-03 03:36:10.093','2025-10-03 03:36:24.940'),('6281213039309@s.whatsapp.net','6281213039309','6281213039309','2025-10-03 03:50:52.933',0,'2025-10-02 07:34:38.378','2025-10-03 03:50:52.934'),('6281213368573@s.whatsapp.net','6281213368573','6281213368573','2025-10-02 09:20:49.709',0,'2025-10-02 09:20:49.710','2025-10-02 09:20:49.710'),('6281213989418@s.whatsapp.net','6281213989418','6281213989418','2025-10-03 03:36:34.146',0,'2025-10-03 01:27:12.646','2025-10-03 03:36:34.147'),('6281218858255@s.whatsapp.net','6281218858255','6281218858255','2025-10-02 14:22:31.604',0,'2025-10-02 14:22:31.605','2025-10-02 14:22:31.605'),('6281223265533@s.whatsapp.net','6281223265533','6281223265533','2025-10-03 01:59:01.396',0,'2025-10-03 01:58:27.213','2025-10-03 01:59:01.398'),('6281223493156@s.whatsapp.net','6281223493156','6281223493156','2025-10-02 07:14:38.237',0,'2025-10-02 07:14:38.238','2025-10-02 07:14:38.238'),('6281262582284@s.whatsapp.net','6281262582284','6281262582284','2025-10-02 08:17:21.201',0,'2025-10-02 08:17:21.202','2025-10-02 08:17:21.202'),('6281297181534@s.whatsapp.net','6281297181534','6281297181534','2025-10-03 03:54:22.797',0,'2025-10-02 23:54:38.258','2025-10-03 03:54:22.798'),('6281315832051@s.whatsapp.net','6281315832051','6281315832051','2025-10-02 07:19:17.890',0,'2025-10-02 07:02:35.453','2025-10-02 07:19:17.891'),('6281327826729@s.whatsapp.net','6281327826729','6281327826729','2025-10-02 12:05:49.498',0,'2025-10-02 12:05:42.007','2025-10-02 12:05:49.500'),('6281382512962@s.whatsapp.net','6281382512962','6281382512962','2025-10-02 09:26:03.266',0,'2025-10-02 09:21:38.461','2025-10-02 09:26:03.267'),('6281385165389@s.whatsapp.net','6281385165389','6281385165389','2025-10-02 07:40:35.654',0,'2025-10-02 05:32:47.274','2025-10-02 07:40:35.655'),('6281548056593@s.whatsapp.net','6281548056593','6281548056593','2025-10-02 08:50:14.495',0,'2025-10-02 08:50:14.496','2025-10-02 08:50:14.496'),('6281586981432@s.whatsapp.net','6281586981432','6281586981432','2025-10-03 03:55:54.463',0,'2025-10-02 10:01:31.341','2025-10-03 03:55:54.465'),('6281617909855@s.whatsapp.net','6281617909855','6281617909855','2025-10-02 06:10:15.337',0,'2025-10-02 06:10:15.339','2025-10-02 06:10:15.339'),('6281717754499@s.whatsapp.net','6281717754499','6281717754499','2025-10-02 13:12:13.642',0,'2025-10-02 13:12:10.921','2025-10-02 13:12:13.643'),('6281911133853@s.whatsapp.net','6281911133853','6281911133853','2025-10-03 03:54:32.895',0,'2025-10-03 03:33:54.201','2025-10-03 03:54:32.896'),('6282180180051@s.whatsapp.net','6282180180051','6282180180051','2025-10-02 08:32:39.134',0,'2025-10-02 08:31:37.563','2025-10-02 08:32:39.135'),('6282249898884@s.whatsapp.net','6282249898884','6282249898884','2025-10-02 05:23:34.357',0,'2025-10-02 05:23:34.362','2025-10-02 05:23:34.362'),('6282261621500@s.whatsapp.net','6282261621500','6282261621500','2025-10-03 03:02:12.586',0,'2025-10-02 11:23:52.868','2025-10-03 03:02:12.587'),('6282320943282@s.whatsapp.net','6282320943282','6282320943282','2025-10-03 03:57:47.874',0,'2025-10-03 03:57:47.875','2025-10-03 03:57:47.875'),('6282334499916@s.whatsapp.net','6282334499916','6282334499916','2025-10-03 03:57:08.254',0,'2025-10-02 14:37:31.845','2025-10-03 03:57:08.255'),('6282392154102@s.whatsapp.net','6282392154102','6282392154102','2025-10-02 08:20:24.776',0,'2025-10-02 08:19:47.762','2025-10-02 08:20:24.777'),('6283141005054@s.whatsapp.net','6283141005054','6283141005054','2025-10-02 10:39:09.056',0,'2025-10-02 10:39:09.057','2025-10-02 10:39:09.057'),('6283147227549@s.whatsapp.net','6283147227549','6283147227549','2025-10-02 05:56:45.988',0,'2025-10-02 05:56:45.990','2025-10-02 05:56:45.990'),('6283151491072@s.whatsapp.net','6283151491072','6283151491072','2025-10-03 03:54:17.982',0,'2025-10-03 01:06:33.718','2025-10-03 03:54:17.983'),('6283812859850@s.whatsapp.net','6283812859850','6283812859850','2025-10-02 09:26:15.281',0,'2025-10-02 09:26:15.282','2025-10-02 09:26:15.282'),('6283821833600@s.whatsapp.net','6283821833600','6283821833600','2025-10-03 03:36:00.246',0,'2025-10-02 09:18:16.286','2025-10-03 03:36:00.247'),('6283833143826@s.whatsapp.net','6283833143826','6283833143826','2025-10-02 13:24:21.895',0,'2025-10-02 13:21:23.223','2025-10-02 13:24:21.896'),('6283841537265@s.whatsapp.net','6283841537265','6283841537265','2025-10-02 06:09:47.375',0,'2025-10-02 06:09:47.379','2025-10-02 06:09:47.379'),('6283871331612@s.whatsapp.net','6283871331612','6283871331612','2025-10-03 01:55:22.995',0,'2025-10-03 01:14:49.729','2025-10-03 01:55:22.996'),('6283872916606@s.whatsapp.net','6283872916606','6283872916606','2025-10-02 23:08:40.595',0,'2025-10-02 23:08:40.597','2025-10-02 23:08:40.597'),('6283879138643@s.whatsapp.net','6283879138643','6283879138643','2025-10-03 03:50:18.954',0,'2025-10-02 12:14:41.477','2025-10-03 03:50:18.955'),('6283893331417@s.whatsapp.net','6283893331417','6283893331417','2025-10-03 03:27:52.428',0,'2025-10-02 14:46:39.198','2025-10-03 03:27:52.429'),('6283895844349@s.whatsapp.net','6283895844349','6283895844349','2025-10-03 01:53:16.752',0,'2025-10-03 01:53:16.753','2025-10-03 01:53:16.753'),('6285117331807@s.whatsapp.net','6285117331807','6285117331807','2025-10-02 08:07:37.316',0,'2025-10-02 08:01:34.590','2025-10-02 08:07:37.318'),('6285201139003@s.whatsapp.net','6285201139003','6285201139003','2025-10-02 08:47:30.990',0,'2025-10-02 08:46:28.342','2025-10-02 08:47:30.991'),('6285219521609@s.whatsapp.net','6285219521609','6285219521609','2025-10-03 03:37:21.721',0,'2025-10-03 01:21:25.013','2025-10-03 03:37:21.722'),('6285245418211-1440647835@g.us','6285245418211-1440647835','6285245418211-1440647835','2025-10-03 03:53:01.098',0,'2025-10-02 05:53:29.566','2025-10-03 03:53:01.099'),('6285246197319@s.whatsapp.net','6285246197319','6285246197319','2025-10-03 03:54:27.809',0,'2025-10-02 22:36:26.057','2025-10-03 03:54:27.810'),('6285603548418@s.whatsapp.net','6285603548418','6285603548418','2025-10-02 11:26:16.814',0,'2025-10-02 09:41:12.802','2025-10-02 11:26:16.815'),('628568831016@s.whatsapp.net','628568831016','628568831016','2025-10-03 01:23:13.262',0,'2025-10-03 01:23:04.374','2025-10-03 01:23:13.263'),('6285693638779@s.whatsapp.net','6285693638779','6285693638779','2025-10-02 12:07:27.486',0,'2025-10-02 08:43:12.346','2025-10-02 12:07:27.487'),('6285710102592@s.whatsapp.net','6285710102592','6285710102592','2025-10-03 03:03:18.220',0,'2025-10-03 03:03:18.221','2025-10-03 03:03:18.221'),('6285716340454@s.whatsapp.net','6285716340454','6285716340454','2025-10-02 09:25:40.268',0,'2025-10-02 09:25:40.269','2025-10-02 09:25:40.269'),('6285717962597-1630576242@g.us','6285717962597-1630576242','6285717962597-1630576242','2025-10-03 03:49:42.146',0,'2025-10-02 06:03:15.061','2025-10-03 03:49:42.147'),('6285719576865@s.whatsapp.net','6285719576865','6285719576865','2025-10-02 17:10:40.738',0,'2025-10-02 17:10:40.739','2025-10-02 17:10:40.739'),('6285756615541@s.whatsapp.net','6285756615541','6285756615541','2025-10-02 07:59:53.995',0,'2025-10-02 07:59:53.999','2025-10-02 07:59:53.999'),('6285773287807@s.whatsapp.net','6285773287807','6285773287807','2025-10-03 03:43:34.927',0,'2025-10-02 08:44:00.624','2025-10-03 03:43:34.929'),('6285774389909@s.whatsapp.net','6285774389909','6285774389909','2025-10-03 03:44:59.793',0,'2025-10-02 13:57:38.547','2025-10-03 03:44:59.794'),('6285774440792@s.whatsapp.net','6285774440792','6285774440792','2025-10-03 03:31:23.005',0,'2025-10-02 05:41:59.339','2025-10-03 03:31:23.006'),('6285778552228@s.whatsapp.net','6285778552228','6285778552228','2025-10-02 08:58:42.417',0,'2025-10-02 08:58:42.418','2025-10-02 08:58:42.418'),('6285813905866@s.whatsapp.net','6285813905866','6285813905866','2025-10-02 11:14:41.012',0,'2025-10-02 11:14:41.013','2025-10-02 11:14:41.013'),('6285819051396@s.whatsapp.net','6285819051396','6285819051396','2025-10-03 03:16:12.221',0,'2025-10-02 13:51:10.493','2025-10-03 03:16:12.222'),('6285886973820@s.whatsapp.net','6285886973820','6285886973820','2025-10-02 06:44:04.517',0,'2025-10-02 06:44:04.519','2025-10-02 06:44:04.519'),('6285893302680@s.whatsapp.net','6285893302680','6285893302680','2025-10-03 03:16:05.596',0,'2025-10-02 09:00:58.254','2025-10-03 03:16:05.597'),('6285894202250@s.whatsapp.net','6285894202250','6285894202250','2025-10-02 08:36:18.862',0,'2025-10-02 08:36:18.863','2025-10-02 08:36:18.863'),('6285925337697@s.whatsapp.net','6285925337697','6285925337697','2025-10-03 03:42:53.148',0,'2025-10-03 02:55:20.819','2025-10-03 03:42:53.149'),('6285941451714@s.whatsapp.net','6285941451714','6285941451714','2025-10-03 03:51:16.964',0,'2025-10-03 03:02:17.784','2025-10-03 03:51:16.965'),('6287719794828@s.whatsapp.net','6287719794828','6287719794828','2025-10-02 05:51:38.172',0,'2025-10-02 05:51:38.173','2025-10-02 05:51:38.173'),('6287746550991@s.whatsapp.net','6287746550991','6287746550991','2025-10-02 06:33:19.638',0,'2025-10-02 06:32:07.868','2025-10-02 06:33:19.639'),('6287763768838@s.whatsapp.net','6287763768838','6287763768838','2025-10-03 01:50:01.444',0,'2025-10-03 01:47:28.396','2025-10-03 01:50:01.446'),('6287774011798@s.whatsapp.net','6287774011798','6287774011798','2025-10-03 03:21:22.639',0,'2025-10-02 11:12:34.017','2025-10-03 03:21:22.640'),('6287788731275-1632461291@g.us','6287788731275-1632461291','6287788731275-1632461291','2025-10-02 22:30:20.955',0,'2025-10-02 09:56:17.515','2025-10-02 22:30:20.956'),('6287813004374@s.whatsapp.net','6287813004374','6287813004374','2025-10-02 09:27:16.614',0,'2025-10-02 09:26:06.321','2025-10-02 09:27:16.615'),('6287865554841@s.whatsapp.net','6287865554841','6287865554841','2025-10-02 05:37:28.293',0,'2025-10-02 05:37:28.294','2025-10-02 05:37:28.294'),('6287886783388@s.whatsapp.net','6287886783388','6287886783388','2025-10-02 06:27:15.939',0,'2025-10-02 06:25:18.974','2025-10-02 06:27:15.940'),('628871731290@s.whatsapp.net','628871731290','628871731290','2025-10-03 03:11:11.830',0,'2025-10-02 05:37:03.230','2025-10-03 03:11:11.831'),('6288804652574@s.whatsapp.net','6288804652574','6288804652574','2025-10-02 13:13:33.018',0,'2025-10-02 13:12:34.328','2025-10-02 13:13:33.019'),('628881756825@s.whatsapp.net','628881756825','628881756825','2025-10-03 03:55:15.309',0,'2025-10-03 01:16:21.408','2025-10-03 03:55:15.309'),('6289673372584@s.whatsapp.net','6289673372584','6289673372584','2025-10-03 01:45:18.506',0,'2025-10-02 09:48:47.738','2025-10-03 01:45:18.508'),('6541252018185@lid','6541252018185','6541252018185','2025-10-03 03:43:07.590',0,'2025-10-03 01:15:37.850','2025-10-03 03:43:07.591');
/*!40000 ALTER TABLE `whatsappcontact` ENABLE KEYS */;
UNLOCK TABLES;

--
-- Table structure for table `whatsappmessage`
--

DROP TABLE IF EXISTS `whatsappmessage`;
/*!40101 SET @saved_cs_client     = @@character_set_client */;
/*!40101 SET character_set_client = utf8 */;
CREATE TABLE `whatsappmessage` (
  `id` varchar(191) NOT NULL,
  `messageId` varchar(191) NOT NULL,
  `conversationId` varchar(191) NOT NULL,
  `senderId` varchar(191) NOT NULL,
  `recipientId` varchar(191) NOT NULL,
  `text` text DEFAULT NULL,
  `messageType` varchar(191) NOT NULL DEFAULT 'text',
  `mediaUrl` varchar(191) DEFAULT NULL,
  `timestamp` datetime(3) NOT NULL,
  `isRead` tinyint(1) NOT NULL DEFAULT 0,
  `isFromBusiness` tinyint(1) NOT NULL DEFAULT 0,
  `replyToId` varchar(191) DEFAULT NULL,
  `createdAt` datetime(3) NOT NULL DEFAULT current_timestamp(3),
  `updatedAt` datetime(3) NOT NULL,
  PRIMARY KEY (`id`),
  UNIQUE KEY `WhatsAppMessage_messageId_key` (`messageId`),
  KEY `WhatsAppMessage_replyToId_fkey` (`replyToId`),
  CONSTRAINT `WhatsAppMessage_replyToId_fkey` FOREIGN KEY (`replyToId`) REFERENCES `whatsappmessage` (`id`) ON DELETE SET NULL ON UPDATE CASCADE
) ENGINE=InnoDB DEFAULT CHARSET=utf8mb4 COLLATE=utf8mb4_unicode_ci;
/*!40101 SET character_set_client = @saved_cs_client */;

--
-- Dumping data for table `whatsappmessage`
--

LOCK TABLES `whatsappmessage` WRITE;
/*!40000 ALTER TABLE `whatsappmessage` DISABLE KEYS */;
INSERT INTO `whatsappmessage` VALUES ('cmg8vp9yp0000uea4iub13o35','AC6123958131BB9BD0B2090B8068704D','120363296634596674@g.us','120363296634596674@g.us','business','Assalamualaikum. \nBu guru Naura izin hari ini tidak masuk🙏🏻🙏🏻','text',NULL,'2025-10-02 03:51:43.000',1,0,NULL,'2025-10-02 03:51:44.306','2025-10-02 03:55:58.861'),('cmg8vpypi0001uea45sqd36y0','ACCC1A110B700F2C64D57FCDC0761718','120363296634596674@g.us','120363296634596674@g.us','business','Waalaikumslm ia mmh amina & mmh naura🙏🏻','text',NULL,'2025-10-02 03:52:15.000',1,0,NULL,'2025-10-02 03:52:16.375','2025-10-02 03:55:58.861'),('cmg8vqno60002uea416wp4qoo','ACB67EDE1BB683469708D2399F55E083','120363296634596674@g.us','120363296634596674@g.us','business',NULL,'text',NULL,'2025-10-02 03:52:48.000',1,0,NULL,'2025-10-02 03:52:48.726','2025-10-02 03:55:58.861'),('cmg8vtppa0003uea41kvf835k','0EE74C5A7BB3C4180B4685DB9A2C9909','120363349504907516@g.us','120363349504907516@g.us','business',NULL,'text',NULL,'2025-10-02 03:55:10.000',1,0,NULL,'2025-10-02 03:55:11.327','2025-10-02 03:55:58.861'),('cmg8w5z3d0006uea4v735400m','AC84ADF259247D35B6BCC833F6016A0B','120363349504907516@g.us','120363349504907516@g.us','business',NULL,'image',NULL,'2025-10-02 04:04:42.000',1,0,NULL,'2025-10-02 04:04:43.369','2025-10-02 04:36:47.852'),('cmg8wvu33000buea4o4ap6cwp','A5A91217F89142107C5EA5375A3859FA','120363349504907516@g.us','120363349504907516@g.us','business',NULL,'text',NULL,'2025-10-02 04:24:48.000',1,0,NULL,'2025-10-02 04:24:49.935','2025-10-02 04:36:47.852'),('cmg8x6shi000guea4ba8zioe1','3EB0B361AF6FB6DABBA007','120363349504907516@g.us','120363349504907516@g.us','business','Merdekaaa..','text',NULL,'2025-10-02 04:33:20.000',1,0,NULL,'2025-10-02 04:33:21.079','2025-10-02 04:36:47.852'),('cmg8x712r000huea4stdar7cs','AC17D0BBB48DBB94D7EF3280598B5E5D','120363349504907516@g.us','120363349504907516@g.us','business',NULL,'text',NULL,'2025-10-02 04:33:31.000',1,0,NULL,'2025-10-02 04:33:32.211','2025-10-02 04:36:47.852'),('cmg8x712r000iuea4t504zf4o','AC207003B918DEADBE7E26D6A4CD1249','120363349504907516@g.us','120363349504907516@g.us','business',NULL,'text',NULL,'2025-10-02 04:33:30.000',1,0,NULL,'2025-10-02 04:33:32.211','2025-10-02 04:36:47.852'),('cmg8xnn68000kuea4g1pe6bse','A515C817B27B2DA1F26C87D91958DACE','120363349504907516@g.us','120363349504907516@g.us','business',NULL,'text',NULL,'2025-10-02 04:46:25.000',1,0,NULL,'2025-10-02 04:46:27.345','2025-10-02 05:11:29.081'),('cmg8xyp6s000luea4jfg9dk34','A5BB0361F23A9DBE3F549CF31A355F74','120363349504907516@g.us','120363349504907516@g.us','business',NULL,'text',NULL,'2025-10-02 04:55:02.000',1,0,NULL,'2025-10-02 04:55:03.172','2025-10-02 05:11:29.081'),('cmg8yzdjq0000uebwr2am54wj','3EB0D2DFBB4D02721E57DA','6282249898884@s.whatsapp.net','6282249898884@s.whatsapp.net','business','test lagi','text',NULL,'2025-10-02 05:23:34.000',1,0,NULL,'2025-10-02 05:23:34.358','2025-10-02 05:23:41.326'),('cmg8yzoo10002uebwt91a5llb','watzap_reply_1759382626738_ygp753fm3','6282249898884@s.whatsapp.net','business','6282249898884@s.whatsapp.net','ok nyampe','text',NULL,'2025-10-02 05:23:46.738',0,1,NULL,'2025-10-02 05:23:48.769','2025-10-02 05:23:48.769'),('cmg8z39sl0003uebwx2fpidhk','3AA12316E1A63D38CB8B','120363024795214472@g.us','120363024795214472@g.us','business',NULL,'text',NULL,'2025-10-02 05:26:35.000',1,0,NULL,'2025-10-02 05:26:36.117','2025-10-02 05:29:30.431'),('cmg8z5l5p0004uebwubvbarur','3AF0CC1D0B322997CBAD','601153397445@s.whatsapp.net','601153397445@s.whatsapp.net','business','Hello kak selamat siang maaf mengganggu waktunya, apakah ini sudah dibuka','image',NULL,'2025-10-02 05:28:20.000',1,0,NULL,'2025-10-02 05:28:24.158','2025-10-02 05:29:31.297'),('cmg8z7pb20006uebwifgc9ry7','watzap_reply_1759383000835_6z77tq2xs','601153397445@s.whatsapp.net','business','601153397445@s.whatsapp.net','sudah silakan','text',NULL,'2025-10-02 05:30:00.835',0,1,NULL,'2025-10-02 05:30:00.836','2025-10-02 05:30:00.836'),('cmg8z8hiv0007uebwnf7t22nd','3AD0797BC0C050C5D1F3','601153397445@s.whatsapp.net','601153397445@s.whatsapp.net','business','Bagaimana kak untuk pendaftaran nya','text',NULL,'2025-10-02 05:30:39.000',1,0,NULL,'2025-10-02 05:30:39.415','2025-10-02 05:30:52.897'),('cmg8z9i410009uebw9umlme0j','watzap_reply_1759383086831_b5529mw43','601153397445@s.whatsapp.net','business','601153397445@s.whatsapp.net','scoba baca dulu flyernya dek :)','text',NULL,'2025-10-02 05:31:26.831',0,1,NULL,'2025-10-02 05:31:26.833','2025-10-02 05:31:26.833'),('cmg8zb86f000auebwrdyr1cwx','ACD9CBED0462FA48D4859D496FD8F54C','6281385165389@s.whatsapp.net','6281385165389@s.whatsapp.net','business','Ka kantor Cabang ko tutup semuaaaa????????','image',NULL,'2025-10-02 05:32:47.000',1,0,NULL,'2025-10-02 05:32:47.272','2025-10-02 05:51:30.200'),('cmg8zgpoa000buebwxtvk85h7','3EB013D5C88022590CF449','628871731290@s.whatsapp.net','628871731290@s.whatsapp.net','business','ka ini layanan ut serang kn ya ko saya ga bisa link nya gitu','text',NULL,'2025-10-02 05:37:03.000',1,0,NULL,'2025-10-02 05:37:03.226','2025-10-02 05:51:47.887'),('cmg8zh90k000cuebw60cp1h0e','3AA2F8802BB0AABB06E8','6287865554841@s.whatsapp.net','6287865554841@s.whatsapp.net','business','persyaratannya apa aja ya?','text',NULL,'2025-10-02 05:37:28.000',1,0,NULL,'2025-10-02 05:37:28.292','2025-10-02 05:52:13.029'),('cmg8zn25k000duebw5xhkfar7','ACF9A38F759ADA61DFF9FAE9ADDC56D7','6285774440792@s.whatsapp.net','6285774440792@s.whatsapp.net','business','Siang ka,\nMau tanya pendaftaran mahasiswa baru ada kendala di aktivasi, link nya gak ada di email atau wa dari kemaren, itu kenapa yah ?','text',NULL,'2025-10-02 05:41:54.000',1,0,NULL,'2025-10-02 05:41:59.336','2025-10-02 05:52:30.398'),('cmg8znwk0000euebw9ov73h2f','AC0D831AFF50F291703E8FAFF13DE704','6285774440792@s.whatsapp.net','6285774440792@s.whatsapp.net','business','Nama : Mad Alip\nMau tanya pendaftaran mahasiswa baru ada kendala di aktivasi, link nya gak ada di email atau wa dari kemaren, itu kenapa yah ?','text',NULL,'2025-10-02 05:42:38.000',1,0,NULL,'2025-10-02 05:42:38.736','2025-10-02 05:52:30.398'),('cmg8zrq7z000fuebw3l6odp9i','3A51B5D92DE19A7A08C9','601153397445@s.whatsapp.net','601153397445@s.whatsapp.net','business','Untuk jalu rpl sama non rpl itu bagaimana kak','text',NULL,'2025-10-02 05:45:35.000',0,0,NULL,'2025-10-02 05:45:37.151','2025-10-02 05:45:37.151'),('cmg8zujnc000guebwgfdplein','AC023ABA19731D1AF998B0B7614C6830','6281385165389@s.whatsapp.net','6281385165389@s.whatsapp.net','business','Trs kapan ka d buka lgi????','text',NULL,'2025-10-02 05:47:48.000',1,0,NULL,'2025-10-02 05:47:48.600','2025-10-02 05:51:30.200'),('cmg8zzgs9000huebwzgs9nwcx','AC8D45039C1229D0B2A0ED09D1F31FD4','6287719794828@s.whatsapp.net','6287719794828@s.whatsapp.net','business','Nama : Priscilia Septifiani Diah Argameisti\nNIM : 044380154\n\nSelamat siang kak, untuk proses bahan ajar itu gimana ya kak, belum ada info lagi dri email puslaba soalnya','text',NULL,'2025-10-02 05:51:34.000',0,0,NULL,'2025-10-02 05:51:38.170','2025-10-02 05:51:38.170'),('cmg901rsi000juebwaphetvx8','watzap_reply_1759384403719_kmw9hw22o','6285774440792@s.whatsapp.net','business','6285774440792@s.whatsapp.net','iya mohon ditunggu 1x24 jam ya, memang sedang di betulkan,nnti jika masih belum ada juga besok silakan lapor lagi','text',NULL,'2025-10-02 05:53:23.719',0,1,NULL,'2025-10-02 05:53:23.720','2025-10-02 05:53:23.720'),('cmg901uqi000kuebwvqqqaper','3EB0C1481702A6A21F5666','6285245418211-1440647835@g.us','6285245418211-1440647835@g.us','business','Yth. Tim Mohon dibantu nim 859398536 perubahan nama ibu kandung menjadi  *NASIA*.  terima kasih','text',NULL,'2025-10-02 05:53:29.000',1,0,NULL,'2025-10-02 05:53:29.563','2025-10-02 07:04:38.327'),('cmg9062aq000luebwmothfw1f','ACCE542B5554EF9FDB5DB0083D648EA3','6283147227549@s.whatsapp.net','6283147227549@s.whatsapp.net','business',NULL,'text',NULL,'2025-10-02 05:56:45.000',0,0,NULL,'2025-10-02 05:56:45.986','2025-10-02 05:56:45.986'),('cmg906ixz000muebwb1n4qnzo','3EB0AB208DD4B26C261D15','6285245418211-1440647835@g.us','6285245418211-1440647835@g.us','business','Mohon bantuan validasi berkas KTP + Ijazah mahasiswa Non Aktif NIM 014652593 JATINAR','text',NULL,'2025-10-02 05:57:07.000',1,0,NULL,'2025-10-02 05:57:07.559','2025-10-02 07:04:38.327'),('cmg90eei9000nuebwfy2j0pj3','3EB04815CF96630788FA10','6285717962597-1630576242@g.us','6285717962597-1630576242@g.us','business','yth tim, mohon bantuannya validasi berkas DS mhs 814907432 NAHIP, serta mensync data NIP dan No HP dari srs4g ke srsr5g. Terimakasih','text',NULL,'2025-10-02 06:03:14.000',0,0,NULL,'2025-10-02 06:03:15.057','2025-10-02 06:03:15.057'),('cmg90mt7r000ouebwodqlkco0','AC0B871B92F684BFC578634AA7D3C5B0','6283841537265@s.whatsapp.net','6283841537265@s.whatsapp.net','business','Halo kak, selamat siang, saya Fikri Maulana dengan NIM 053988457, mau bertanya kak, apakah jadwal praktikum yang tertera di my UT sudah pasti kak? Atau untuk info detail nya nanti diinfokan lagi kak? \nTerimakasih🙏🏻','text',NULL,'2025-10-02 06:09:45.000',0,0,NULL,'2025-10-02 06:09:47.367','2025-10-02 06:09:47.367'),('cmg90nesp000puebw4tqb9kf8','AC5B52FCC97F31E3808D0576D4F89145','6281617909855@s.whatsapp.net','6281617909855@s.whatsapp.net','business','Dari jam berapa sampai jam berapa?','text',NULL,'2025-10-02 06:10:15.000',0,0,NULL,'2025-10-02 06:10:15.337','2025-10-02 06:10:15.337'),('cmg90qj1m000quebws2vjjwpc','3A68F56281361207ADE4','628871731290@s.whatsapp.net','628871731290@s.whatsapp.net','business','Iya buka link pendaftaran tpi ga keluar','image',NULL,'2025-10-02 06:12:40.000',0,0,NULL,'2025-10-02 06:12:40.811','2025-10-02 06:12:40.811'),('cmg90rcv6000ruebwlvfy8tfj','3A0D06A10D71CF4A1E7E','628871731290@s.whatsapp.net','628871731290@s.whatsapp.net','business','Eh udh bisa ka tdi gangguan kli yah','text',NULL,'2025-10-02 06:13:19.000',0,0,NULL,'2025-10-02 06:13:19.459','2025-10-02 06:13:19.459'),('cmg90rhjy000suebww05kuuzh','3EB0625B0FAE85F625162C','6285245418211-1440647835@g.us','6285245418211-1440647835@g.us','business','821341961 sudah dilaporkan, mohon menunggu dan cek secara berkala','text',NULL,'2025-10-02 06:13:25.000',1,0,NULL,'2025-10-02 06:13:25.534','2025-10-02 07:04:38.327'),('cmg90ulme000tuebwn6dzqppv','3AB37E3FA779EC0B231A','628871731290@s.whatsapp.net','628871731290@s.whatsapp.net','business','Ko ini di tutup ya ka','image',NULL,'2025-10-02 06:15:48.000',0,0,NULL,'2025-10-02 06:15:50.774','2025-10-02 06:15:50.774'),('cmg90ut3s000uuebwcjdnijw5','3EB0703DD8F03D7923338F','6285245418211-1440647835@g.us','6285245418211-1440647835@g.us','business','859398536 Perubahan Data Mahasiswa seperti NIK, Nama, Tempat dan tanggal lahir, Jenis Kelamin serta Ibu Kandung harus di ajukan perubahanya di PDDIKTI dengan melampirkan berkas sebagai berikut :\n\n1. Scan asli Surat Permohonan Perbaikan Data Mahasiswa (sudah ditandatangani oleh Pejabat UT Daerah) (wajib)\n2. Scan asli Kartu Keluarga (pdf maks. 500 kb)\n3. Scan asli KTP (pdf maks. 500 kb)\n4. Scan asli Akta Kelahiran (pdf maks. 500 kb)\n5. Scan asli Ijazah dan transkip nilai (jika sudah lulus atau menerima ijazah) (pdf maks. 500 kb)\n6. Scan asli/berwarna Ijazah dan Transkrip Nilai (hanya untuk mahasiswa yang sudah lulus)\n\nCatatan :\n* File lampiran dibuat terpisah (tidak digabung) dalam format pdf dan masing-masing ukuran file maksimal 500kb. Scan dokumen harus jelas, tidak terpotong (full scan), tidak buram, dan gambar tegak lurus (tidak miring).\n* Dokumen dikirimkan melalui email registrasi@ecampus.ut.ac.id dengan format subjek:\nNIM(spasi)Nama Mahasiswa(spasi)UT Daerah Contoh: 012345678 Aan Surayan UT Jakarta\n* Surat Permohonan Perbaikan Data Mahasiswa, diunggah juga di akun MyUT mahasiswa terkait\n\nTerima kasih🙏🏼','text',NULL,'2025-10-02 06:16:00.000',1,0,NULL,'2025-10-02 06:16:00.472','2025-10-02 07:04:38.327'),('cmg90yjko000vuebw5tza4llb','3EB0E447D1A151126AE520','6285245418211-1440647835@g.us','6285245418211-1440647835@g.us','business','014652593 OK/DA','text',NULL,'2025-10-02 06:18:54.000',1,0,NULL,'2025-10-02 06:18:54.745','2025-10-02 07:04:38.327'),('cmg910p02000wuebw99vd9ak9','3EB0E2458F54089D5E28B4','6285717962597-1630576242@g.us','6285717962597-1630576242@g.us','business','020615839 OK/DA','text',NULL,'2025-10-02 06:20:34.000',0,0,NULL,'2025-10-02 06:20:35.091','2025-10-02 06:20:35.091'),('cmg9125z0000xuebw9cvhemea','3EB0CED52C5BF8E1D14544','6285245418211-1440647835@g.us','6285245418211-1440647835@g.us','business','UP\nMohon bantuan DPnya masih Aktif','text',NULL,'2025-10-02 06:21:41.000',1,0,NULL,'2025-10-02 06:21:43.740','2025-10-02 07:04:38.327'),('cmg9148ik000yuebw6nlfgfmf','3EB079EBCEE6BE555533AF','6285245418211-1440647835@g.us','6285245418211-1440647835@g.us','business','Yth. Tim Registrasi\n\nMohon bantuan proses perbaikan data pribadi mahasiswa sbb:\nNIM : 056662338\nNAMA LENGKAP : ELLEN DWIKE YULIANITA\nTanggal Lahir  : 07/07/2004\nData yang berubah \nTanggal Lahir  : 12/07/2004\n\nformulir telah diupload dan berkas telah dikirim ke email registrasi@ecampus.ut.ac.id. Terimakasih.','text',NULL,'2025-10-02 06:23:20.000',1,0,NULL,'2025-10-02 06:23:20.349','2025-10-02 07:04:38.327'),('cmg91601j000zuebwjzvptdwr','3EB06927DA0E68ACFB984F','6285717962597-1630576242@g.us','6285717962597-1630576242@g.us','business','821948261 sudah berstatus OK/DA\n824419752 OK/DA','text',NULL,'2025-10-02 06:24:42.000',0,0,NULL,'2025-10-02 06:24:42.680','2025-10-02 06:24:42.680'),('cmg916s1n0010uebwx5ek29xo','ACC966DC13E8DFC3DBE07C81D2784346','6287886783388@s.whatsapp.net','6287886783388@s.whatsapp.net','business','Selamat siang','text',NULL,'2025-10-02 06:25:18.000',0,0,NULL,'2025-10-02 06:25:18.971','2025-10-02 06:25:18.971'),('cmg9175hl0011uebwntxhiqn6','ACB07EAA7E12D98D1F76B0DBA6F04799','6287886783388@s.whatsapp.net','6287886783388@s.whatsapp.net','business','Maaf saya ingin menanyakan perihal tuton','text',NULL,'2025-10-02 06:25:35.000',0,0,NULL,'2025-10-02 06:25:36.394','2025-10-02 06:25:36.394'),('cmg919aap0012uebwy1qsgj2u','AC7725F8442603A17AA94828A2D5CEAB','6287886783388@s.whatsapp.net','6287886783388@s.whatsapp.net','business','Delvi Yanti, 857250759 saya ingin menanyakan perihal saya mahasiswi tuton, tetapi saya lupa untul mengisi form kesediaan mengikuti tuton dan di aplikasi tuton nya belum tertera mata kuliah. Apa yang harus saya lakukan? Terimakasih 🙏🏻','text',NULL,'2025-10-02 06:27:13.000',0,0,NULL,'2025-10-02 06:27:15.937','2025-10-02 06:27:15.937'),('cmg91akrx0013uebwf01frpd1','3EB038058EB7E98B6A5A98','6285245418211-1440647835@g.us','6285245418211-1440647835@g.us','business','056187403 sudah sesuai','text',NULL,'2025-10-02 06:28:15.000',1,0,NULL,'2025-10-02 06:28:16.174','2025-10-02 07:04:38.327'),('cmg91ek8w0014uebw53lxxshs','ACFEA1E1A9BDC6329C95B937B62C1F1C','6285774440792@s.whatsapp.net','6285774440792@s.whatsapp.net','business','Ok\nSoalnya dari kemaren','text',NULL,'2025-10-02 06:31:21.000',0,0,NULL,'2025-10-02 06:31:22.112','2025-10-02 06:31:22.112'),('cmg91eyle0015uebw62vfzdg4','3EB08887E06E23795D1DAF','6285717962597-1630576242@g.us','6285717962597-1630576242@g.us','business','814907432 OK/DA','text',NULL,'2025-10-02 06:31:40.000',0,0,NULL,'2025-10-02 06:31:40.706','2025-10-02 06:31:40.706'),('cmg91fjjt0016uebwy38frxsf','AC7C479FED0B49D8A39E8C61AD78BE6E','6287746550991@s.whatsapp.net','6287746550991@s.whatsapp.net','business','Siapa non TTM apa ya pak/Bu?','text',NULL,'2025-10-02 06:32:07.000',0,0,NULL,'2025-10-02 06:32:07.865','2025-10-02 06:32:07.865'),('cmg91h2xa0017uebwqr9obuq0','ACE15DA81AA533EAFE6DD2E445119A3D','6287746550991@s.whatsapp.net','6287746550991@s.whatsapp.net','business','Untuk biaya semester jurusan PGSD hanya 1.9 ya pak/Bu? Apakah ada biaya untuk almamater dan buku2 nya?','text',NULL,'2025-10-02 06:33:17.000',0,0,NULL,'2025-10-02 06:33:19.631','2025-10-02 06:33:19.631'),('cmg91jil00018uebw2fkg8jsf','3EB0CDED3EB8C6E11A082E','6285245418211-1440647835@g.us','6285245418211-1440647835@g.us','business','056662338 Baik, akan diproses dan dibalas lewat e-mail','text',NULL,'2025-10-02 06:35:12.000',1,0,NULL,'2025-10-02 06:35:13.237','2025-10-02 07:04:38.327'),('cmg91k1r10019uebwh2i1pwj0','3EB01A988141F19AD4DA22','6285245418211-1440647835@g.us','6285245418211-1440647835@g.us','business',NULL,'text',NULL,'2025-10-02 06:35:37.000',1,0,NULL,'2025-10-02 06:35:38.077','2025-10-02 07:04:38.327'),('cmg91lklg001auebw50gb1vjx','3EB0A623B1999AF0D7E043','6285245418211-1440647835@g.us','6285245418211-1440647835@g.us','business',NULL,'image',NULL,'2025-10-02 06:36:48.000',1,0,NULL,'2025-10-02 06:36:49.156','2025-10-02 07:04:38.327'),('cmg91ll10001buebwf5dl69yr','3EB03510558A8CA31BE5C4','6285245418211-1440647835@g.us','6285245418211-1440647835@g.us','business','Yth Tim mohon bantuannya \nNIM/NAC : 252002753\nNama : Fikri Abdul Azis\nProdi : Ilmu Komunikasi\nNo. Wa Aktif : 081247476276\nPembayaran melalui : Livin mandiri\ntgl Pembayaran : 01 Oktober 2025\nJumlah pembayaran : Rp. 100.000\nDeskripsi kendala : status pembayaran admisi calon mahasiswa non - RPL pada sistem informasi akademik belum berubah setelah membayar biaya admisi melalui Qris BRI','text',NULL,'2025-10-02 06:36:49.000',1,0,NULL,'2025-10-02 06:36:49.716','2025-10-02 07:04:38.327'),('cmg91m9lw001cuebw0zlp67vo','3EB0AB1650782B195453C7','6285245418211-1440647835@g.us','6285245418211-1440647835@g.us','business',NULL,'image',NULL,'2025-10-02 06:37:21.000',1,0,NULL,'2025-10-02 06:37:21.572','2025-10-02 07:04:38.327'),('cmg91ma25001duebwbzint4ig','3EB0A6334840F5B8B1B1E6','6285245418211-1440647835@g.us','6285245418211-1440647835@g.us','business','Mohon bantuannya, \nRifky Mulki Akbar\nNAC : 252001721\nMelakukan pembayaran via QRIS status belum Lunas','text',NULL,'2025-10-02 06:37:21.000',1,0,NULL,'2025-10-02 06:37:22.157','2025-10-02 07:04:38.327'),('cmg91uwis001euebw4k16jfr3','3A57049205F4517D2481','6285886973820@s.whatsapp.net','6285886973820@s.whatsapp.net','business','Selamat siang ka saya nurhidayah(055580765) prodi D4 kearsipan ijin bertanya kalau saya mau ujian full online bolehkah dan untuk pembiayaannya dikenakan berapa','text',NULL,'2025-10-02 06:44:02.000',1,0,NULL,'2025-10-02 06:44:04.516','2025-10-02 06:50:28.936'),('cmg91wohw001fuebw5b0h6zmp','3EB0CD85B5E731FFC6ADDE','6285245418211-1440647835@g.us','6285245418211-1440647835@g.us','business',NULL,'image',NULL,'2025-10-02 06:45:27.000',1,0,NULL,'2025-10-02 06:45:27.428','2025-10-02 07:04:38.327'),('cmg91wovt001guebw2wpd3pto','3EB052396F6E2FA74889ED','6285245418211-1440647835@g.us','6285245418211-1440647835@g.us','business','Yth Tim mohon bantuannya bayar via Qris BNI \nNAC 252003485 diaplikasi belum terbayar','text',NULL,'2025-10-02 06:45:27.000',1,0,NULL,'2025-10-02 06:45:27.929','2025-10-02 07:04:38.327'),('cmg923vzj0000uees1009ephr','3EB02F7E081EC20488E5C8','6285245418211-1440647835@g.us','6285245418211-1440647835@g.us','business','Yth Tim mohon bantuannya , ajuan pengunduran diri ,\nberkas sudah diupload :\n878184768','text',NULL,'2025-10-02 06:51:03.000',1,0,NULL,'2025-10-02 06:51:03.728','2025-10-02 07:04:38.327'),('cmg929qz7000gueesd1by08m6','3EB0941C6E32D734AA2247','6285245418211-1440647835@g.us','6285245418211-1440647835@g.us','business','878184768 solved','text',NULL,'2025-10-02 06:55:36.000',1,0,NULL,'2025-10-02 06:55:37.171','2025-10-02 07:04:38.327'),('cmg92h723000hueeslfh7h07r','3EB02207BA3F4F7FEDE6F6','6285245418211-1440647835@g.us','6285245418211-1440647835@g.us','business','Yth Tim mohon bantuannya ,ajuan pindah UT Daerah \nberkas sudah di upload :\n057510978\n030929174','text',NULL,'2025-10-02 07:01:23.000',1,0,NULL,'2025-10-02 07:01:24.603','2025-10-02 07:04:38.327'),('cmg92ipq1000iuees4jajcf5k','ACC4FE9F40347E8453229F848BD15724','6281315832051@s.whatsapp.net','6281315832051@s.whatsapp.net','business','Ka kalau gada izasah legalisir itu gimna','text',NULL,'2025-10-02 07:02:35.000',0,0,NULL,'2025-10-02 07:02:35.449','2025-10-02 07:02:35.449'),('cmg92m9s2000jueeshdjfaoxm','3EB05BA434ADD9C59473DA','6285245418211-1440647835@g.us','6285245418211-1440647835@g.us','business',NULL,'image','KTP Elisa.jpg','2025-10-02 07:05:20.000',1,0,NULL,'2025-10-02 07:05:21.411','2025-10-02 08:06:15.088'),('cmg92mndr000kueesmaq5o0ys','3EB037D7047ADC6078AF60','6285245418211-1440647835@g.us','6285245418211-1440647835@g.us','business','Mangga Mbak @210097032704180 👆','text',NULL,'2025-10-02 07:05:38.000',1,0,NULL,'2025-10-02 07:05:39.040','2025-10-02 08:06:15.088'),('cmg92q9v0000lueeslmw2atax','3F043D8A8E13BC8A6AD6','6285717962597-1630576242@g.us','6285717962597-1630576242@g.us','business','Yth. TIM\nMohon aktivkan Kembali 015644488/LINDA MAYFITRI\nKTP-e dan Ijazah sudah diunggah ulang. Terimkasih\nSalam Hangat','text',NULL,'2025-10-02 07:08:27.000',0,0,NULL,'2025-10-02 07:08:28.140','2025-10-02 07:08:28.140'),('cmg92tt6s000mueesm361f1f2','3EB0B3B66C39E9DCE2CB82','6285717962597-1630576242@g.us','6285717962597-1630576242@g.us','business','015644488 OK/DA','text',NULL,'2025-10-02 07:11:12.000',0,0,NULL,'2025-10-02 07:11:13.156','2025-10-02 07:11:13.156'),('cmg92x2q3000nueesrie0jw5d','3EB0940BE2005F0A6F3926','6285245418211-1440647835@g.us','6285245418211-1440647835@g.us','business','057510978 Perubahan UT Daerah tidak diproses karena mahasiswa tersebut memiliki billing aktif/sudah terbayar\n030929174 Perubahan UT Daerah tidak diproses karena mahasiswa tersebut memiliki billing aktif/sudah terbayar','text',NULL,'2025-10-02 07:13:44.000',1,0,NULL,'2025-10-02 07:13:45.483','2025-10-02 08:06:15.088'),('cmg92y7ff000oueesapexae11','AC4FD43F1F2F9E5070CED98C64E478D1','6281223493156@s.whatsapp.net','6281223493156@s.whatsapp.net','business','Kak tuton emg blm keluar ya','image',NULL,'2025-10-02 07:14:37.000',0,0,NULL,'2025-10-02 07:14:38.235','2025-10-02 07:14:38.235'),('cmg92yz42000pueesx4nebrlj','3EB00D5A2A53597D0C588D','6285245418211-1440647835@g.us','6285245418211-1440647835@g.us','business','021516931 OK/DA','text',NULL,'2025-10-02 07:15:13.000',1,0,NULL,'2025-10-02 07:15:14.115','2025-10-02 08:06:15.088'),('cmg930zhc000queesxzhrnh5v','3EB0EBA8BFD9F8CDC30B53','6285245418211-1440647835@g.us','6285245418211-1440647835@g.us','business',NULL,'text',NULL,'2025-10-02 07:16:47.000',1,0,NULL,'2025-10-02 07:16:47.904','2025-10-02 08:06:15.088'),('cmg93477j000ruees9fyaxt76','3A35D328DE3E23EB341A','6281315832051@s.whatsapp.net','6281315832051@s.whatsapp.net','business','Ka kalau gada izasah legalisir itu gimna','text',NULL,'2025-10-02 07:19:17.000',0,0,NULL,'2025-10-02 07:19:17.888','2025-10-02 07:19:17.888'),('cmg938kz0000suees1eqbpqh7','3EB079201EDE124BEFA0DC','6285245418211-1440647835@g.us','6285245418211-1440647835@g.us','business','Yth. Tim Registrasi \nMohon bantuan untuk pengunduran diri mahasiswa NIM:\n055867407\n057533674\nBerkas sudah di unggah. Terimakasih','text',NULL,'2025-10-02 07:22:41.000',1,0,NULL,'2025-10-02 07:22:42.349','2025-10-02 08:06:15.088'),('cmg93ktr0000tueesah52xevm','3EB045B2A51C2D0718E72C','6285245418211-1440647835@g.us','6285245418211-1440647835@g.us','business','Yth Tim Registrasi\nmohon bantuan proses pengunduran diri\n056793116\nERNAWATI\nberka sudah diupload\nterima kasih','text',NULL,'2025-10-02 07:32:11.000',1,0,NULL,'2025-10-02 07:32:13.596','2025-10-02 08:06:15.088'),('cmg93nxgn000uueesq5i4bd2z','3A712DF96909D4FBD857','6281213039309@s.whatsapp.net','6281213039309@s.whatsapp.net','business','halo kakk mau tanyaa, jadwal yang di share di ig apakah sudah fix? karna saya 2 mk masih di jam yang sama dan tidak ada keterangan tanggalnya','text',NULL,'2025-10-02 07:34:38.000',1,0,NULL,'2025-10-02 07:34:38.375','2025-10-03 03:52:02.677'),('cmg93om38000vueesj0owhwpt','3EB04DAF551591C61A7609','6285245418211-1440647835@g.us','6285245418211-1440647835@g.us','business','055867407 solved\n057533674 solved','text',NULL,'2025-10-02 07:35:09.000',1,0,NULL,'2025-10-02 07:35:10.292','2025-10-02 08:06:15.088'),('cmg93qszd000wueesynprk8u9','3EB06BF26C8A4EC4B5426D','6285245418211-1440647835@g.us','6285245418211-1440647835@g.us','business','056793116 solved','text',NULL,'2025-10-02 07:36:52.000',1,0,NULL,'2025-10-02 07:36:52.538','2025-10-02 08:06:15.088'),('cmg93sy8f000xuees6c75olbi','ACF50A62E9BE58968521A95DCBE398A7','6281385165389@s.whatsapp.net','6281385165389@s.whatsapp.net','business','Tetep ga bisa ga semua cabang tutup','text',NULL,'2025-10-02 07:38:32.000',0,0,NULL,'2025-10-02 07:38:32.655','2025-10-02 07:38:32.655'),('cmg93vl50000yueesvhck6g6h','ACDADDE35F9C5CA81FB96E69B7BC8D77','6281385165389@s.whatsapp.net','6281385165389@s.whatsapp.net','business','Baik ka','text',NULL,'2025-10-02 07:40:35.000',0,0,NULL,'2025-10-02 07:40:35.652','2025-10-02 07:40:35.652'),('cmg949nr00011ueeszq537e0l','3EB0DB995B24AC041FEA5B','6285245418211-1440647835@g.us','6285245418211-1440647835@g.us','business','Yth Tim Registrasi\nmohon bantuan proses pengunduran diri NIM 057217057','text',NULL,'2025-10-02 07:51:29.000',1,0,NULL,'2025-10-02 07:51:32.221','2025-10-02 08:06:15.088'),('cmg94ifc40012ueeswvrev0cv','3EB03B5285BC92D2919D14','6285245418211-1440647835@g.us','6285245418211-1440647835@g.us','business','057217057 solved','text',NULL,'2025-10-02 07:58:20.000',1,0,NULL,'2025-10-02 07:58:21.220','2025-10-02 08:06:15.088'),('cmg94kex60000ueb02kbnf0c2','3A4EEC88840546C6245F','6285756615541@s.whatsapp.net','6285756615541@s.whatsapp.net','business','Oh oke Bu makasih','text',NULL,'2025-10-02 07:59:53.000',1,0,NULL,'2025-10-02 07:59:53.994','2025-10-02 08:07:03.907'),('cmg94mkje0002ueb0gemgtt9j','ACAB498FE366F185429D2A9C548F0CFD','6285117331807@s.whatsapp.net','6285117331807@s.whatsapp.net','business','Ka maaf mau nanya rpl dan non rpl apa beda nya yah 🙏','text',NULL,'2025-10-02 08:01:34.000',0,0,NULL,'2025-10-02 08:01:34.586','2025-10-02 08:01:34.586'),('cmg94pgpc0003ueb083pg4ukn','3EB018356CB11AC63717C1','6285245418211-1440647835@g.us','6285245418211-1440647835@g.us','business','Yth. Tim mohon bantuannya untuk ubah agama mahasiswa dibawah ini dan berkas ktp dan form sudah diunggah :\n\n050652015	Elfanda Donesia Dinari	\nubah agama KRISTEN\n\nterima kasih sebelumnya','text',NULL,'2025-10-02 08:03:49.000',1,0,NULL,'2025-10-02 08:03:49.584','2025-10-02 08:06:15.088'),('cmg94tnvp0007ueb0oj57rde0','3EB0DE8ECF97C5CEB495B0','6285245418211-1440647835@g.us','6285245418211-1440647835@g.us','business','858538585	nabila arum sari ati	085325240694	ubah nama ibu','text',NULL,'2025-10-02 08:07:05.000',1,0,NULL,'2025-10-02 08:07:05.509','2025-10-02 14:18:30.707'),('cmg94tw5l0008ueb0a7m7qwav','3EB041C417DEC2866AC0BE','6285245418211-1440647835@g.us','6285245418211-1440647835@g.us','business',NULL,'text',NULL,'2025-10-02 08:07:15.000',1,0,NULL,'2025-10-02 08:07:16.234','2025-10-02 14:18:30.707'),('cmg94ucf50009ueb0ph7aoww3','AC774D7ACB96321D1DD3E6BD948905BB','6285117331807@s.whatsapp.net','6285117331807@s.whatsapp.net','business','Ka maaf kalau jurusan komputer itu tidak ada ya ka?','text',NULL,'2025-10-02 08:07:37.000',0,0,NULL,'2025-10-02 08:07:37.314','2025-10-02 08:07:37.314'),('cmg94w7iw000eueb01ncn1u4w','AC389DD3EAF4DBA5D414DCFD5F985E61','6285245418211-1440647835@g.us','6285245418211-1440647835@g.us','business','Mohon dibantu mahasiswa 045382032 pindah ut Jakarta menjadi Denpasar \nTerima kasih','text',NULL,'2025-10-02 08:09:03.000',1,0,NULL,'2025-10-02 08:09:04.281','2025-10-02 14:18:30.707'),('cmg94xktt000fueb0lxu9wo6e','3EB096CF004605E6560BE5','6285245418211-1440647835@g.us','6285245418211-1440647835@g.us','business','050652015 Perubahan Data Mahasiswa seperti NIK, Nama, Tempat dan tanggal lahir, Jenis Kelamin serta Ibu Kandung harus di ajukan perubahanya di PDDIKTI dengan melampirkan berkas sebagai berikut :\n\n1. Scan asli Surat Permohonan Perbaikan Data Mahasiswa (sudah ditandatangani oleh Pejabat UT Daerah) (wajib)\n2. Scan asli Kartu Keluarga (pdf maks. 500 kb)\n3. Scan asli KTP (pdf maks. 500 kb)\n4. Scan asli Akta Kelahiran (pdf maks. 500 kb)\n5. Scan asli Ijazah dan transkip nilai (jika sudah lulus atau menerima ijazah) (pdf maks. 500 kb)\n6. Scan asli/berwarna Ijazah dan Transkrip Nilai (hanya untuk mahasiswa yang sudah lulus)\n\nCatatan :\n* File lampiran dibuat terpisah (tidak digabung) dalam format pdf dan masing-masing ukuran file maksimal 500kb. Scan dokumen harus jelas, tidak terpotong (full scan), tidak buram, dan gambar tegak lurus (tidak miring).\n* Dokumen dikirimkan melalui email registrasi@ecampus.ut.ac.id dengan format subjek:\nNIM(spasi)Nama Mahasiswa(spasi)UT Daerah Contoh: 012345678 Aan Surayan UT Jakarta\n* Surat Permohonan Perbaikan Data Mahasiswa, diunggah juga di akun MyUT mahasiswa terkait\n\nTerima kasih🙏🏼','text',NULL,'2025-10-02 08:10:07.000',1,0,NULL,'2025-10-02 08:10:08.178','2025-10-02 14:18:30.707'),('cmg955b8w000iueb0glzh8qoi','AC791482615C5129096056E91491D30F','6285245418211-1440647835@g.us','6285245418211-1440647835@g.us','business','Ini ubah agama Kak 🙏🏻🙏🏻','text',NULL,'2025-10-02 08:16:08.000',1,0,NULL,'2025-10-02 08:16:09.008','2025-10-02 14:18:30.707'),('cmg956uy6000jueb03z2804ir','AC7C0DE88A5403E2E012DC40E9180F35','6281262582284@s.whatsapp.net','6281262582284@s.whatsapp.net','business','Ok bu. Trimakasih','text',NULL,'2025-10-02 08:17:21.000',1,0,NULL,'2025-10-02 08:17:21.199','2025-10-02 14:19:14.153'),('cmg95a01b000lueb08moafnyf','AC304CBC7D5BD795A1551812D223BF76','6282392154102@s.whatsapp.net','6282392154102@s.whatsapp.net','business','Selamat sore min\nSaya ica NIM 050117242 prodi teknologi pangan,min saya mau tanya,untuk jadwal praktikum apakah yg di myut itu udah fiks min?','text',NULL,'2025-10-02 08:19:47.000',0,0,NULL,'2025-10-02 08:19:47.759','2025-10-02 08:19:47.759'),('cmg95aped000mueb0ssdm3vs7','3EB0AB706544C0E36368D4','6285245418211-1440647835@g.us','6285245418211-1440647835@g.us','business','045382032 solved','text',NULL,'2025-10-02 08:20:20.000',1,0,NULL,'2025-10-02 08:20:20.630','2025-10-02 14:18:30.707'),('cmg95arp2000nueb0yeqw01tp','AC588732091CD4D34B8DEA6F365F8F2F','6282392154102@s.whatsapp.net','6282392154102@s.whatsapp.net','business',NULL,'text',NULL,'2025-10-02 08:20:23.000',0,0,NULL,'2025-10-02 08:20:23.607','2025-10-02 08:20:23.607'),('cmg95asd3000oueb0hzvjte3w','ACAA035BE827C985816DFD5E6A5506A4','6282392154102@s.whatsapp.net','6282392154102@s.whatsapp.net','business','Ini saya dapat jadwal tgl 04/10/2025 tapi diharinya tertulis minggu sdngkan tgl 4 itu hari sabtu','image',NULL,'2025-10-02 08:20:24.000',0,0,NULL,'2025-10-02 08:20:24.472','2025-10-02 08:20:24.472'),('cmg95aslh000pueb0j2iln5gg','AC440A43D3BCF93F5D5471D8ED3FE691','6282392154102@s.whatsapp.net','6282392154102@s.whatsapp.net','business',NULL,'image',NULL,'2025-10-02 08:20:24.000',0,0,NULL,'2025-10-02 08:20:24.774','2025-10-02 08:20:24.774'),('cmg95gqgl000wueb0o2g970vd','3EB004304FEC515E34F7EE','6285245418211-1440647835@g.us','6285245418211-1440647835@g.us','business','050652015 solved','text',NULL,'2025-10-02 08:25:00.000',1,0,NULL,'2025-10-02 08:25:01.941','2025-10-02 14:18:30.707'),('cmg95hfd9000xueb0htgzyzua','3A1A4EE24C36B9CE4FD5','119198277759152@lid','119198277759152@lid','business','Permisi','text',NULL,'2025-10-02 08:25:33.000',0,0,NULL,'2025-10-02 08:25:34.221','2025-10-02 08:25:34.221'),('cmg95p7pz0011ueb0oyj0ziog','3AC5AF4F5F27E45FC40C','6282180180051@s.whatsapp.net','6282180180051@s.whatsapp.net','business','Sore kak, saya mau tanya saya sebelumnya di semester kemarin ikut tuton, tapi pada semester ini saya tidak melakukan aktivasi tuton, apakah saya otomatis ke TMK??','text',NULL,'2025-10-02 08:31:37.000',0,0,NULL,'2025-10-02 08:31:37.559','2025-10-02 08:31:37.559'),('cmg95pbjw0012ueb00zr3nfc6','3A22AF5145E9242833F7','6282180180051@s.whatsapp.net','6282180180051@s.whatsapp.net','business',NULL,'image',NULL,'2025-10-02 08:31:42.000',0,0,NULL,'2025-10-02 08:31:42.524','2025-10-02 08:31:42.524'),('cmg95ppe50013ueb0gnqpw3rd','3A76DA75C0C383AF1524','6282180180051@s.whatsapp.net','6282180180051@s.whatsapp.net','business','Kalo saya coba ke TMK tidak muncul kak','text',NULL,'2025-10-02 08:32:00.000',0,0,NULL,'2025-10-02 08:32:00.462','2025-10-02 08:32:00.462'),('cmg95ps5b0014ueb02yftf7y7','3ACEE43764CAC79CC71C','6282180180051@s.whatsapp.net','6282180180051@s.whatsapp.net','business',NULL,'image',NULL,'2025-10-02 08:32:04.000',0,0,NULL,'2025-10-02 08:32:04.032','2025-10-02 08:32:04.032'),('cmg95qgu90015ueb0i90zpkyx','3A08D50BA84C14B3AC48','6282180180051@s.whatsapp.net','6282180180051@s.whatsapp.net','business','Dan Di elearning tidak muncul jg matkul nya kak','text',NULL,'2025-10-02 08:32:36.000',0,0,NULL,'2025-10-02 08:32:36.033','2025-10-02 08:32:36.033'),('cmg95qj8d0016ueb0npb57yq0','3A657B32DE0D8F6B9BD7','6282180180051@s.whatsapp.net','6282180180051@s.whatsapp.net','business','Mohon arahan','text',NULL,'2025-10-02 08:32:39.000',0,0,NULL,'2025-10-02 08:32:39.133','2025-10-02 08:32:39.133'),('cmg95r5qb0017ueb0q0yivmey','3EB0266C7958B15F1BA796','6285245418211-1440647835@g.us','6285245418211-1440647835@g.us','business','terima kasih Kak🙏🏻','text',NULL,'2025-10-02 08:33:07.000',1,0,NULL,'2025-10-02 08:33:08.291','2025-10-02 14:18:30.707'),('cmg95rrxj0018ueb08kqwi9a7','AC66CCD939ACDA4538195D6C6A5EAF47','6285245418211-1440647835@g.us','6285245418211-1440647835@g.us','business','Sama sama 🙏🏻','text',NULL,'2025-10-02 08:33:32.000',1,0,NULL,'2025-10-02 08:33:37.064','2025-10-02 14:18:30.707'),('cmg95v8ru0019ueb0lk9scj2w','79170E3069D53F6541181116467BD58A','6285894202250@s.whatsapp.net','6285894202250@s.whatsapp.net','business','Baik pak bu🙏🏻🙏🏻','text',NULL,'2025-10-02 08:36:18.000',0,0,NULL,'2025-10-02 08:36:18.858','2025-10-02 08:36:18.858'),('cmg9643tf001bueb0fdi1imoq','ACEB36BFFB37986870EE7B10EBDFCCB5','6285693638779@s.whatsapp.net','6285693638779@s.whatsapp.net','business','oy min kalo guru yang sudah sertifikasi guru pendidikan agama islam apa bisa untuk kuliah RPL ke PGSD supaya ingin beralih ke PGSD wlpun sudah sertifikasi di pendidikan agama islam🙏🏻🙏🏻terimakasih','text',NULL,'2025-10-02 08:43:12.000',1,0,NULL,'2025-10-02 08:43:12.339','2025-10-02 15:24:43.521'),('cmg96552j001cueb0np74afqh','3A28AE31A302149BE0E0','6285773287807@s.whatsapp.net','6285773287807@s.whatsapp.net','business','gini terus kak','image',NULL,'2025-10-02 08:44:00.000',1,0,NULL,'2025-10-02 08:44:00.619','2025-10-03 03:45:16.384'),('cmg968b1u001dueb028s34dhr','3A01F8009F3542778DC5','6285201139003@s.whatsapp.net','6285201139003@s.whatsapp.net','business','Katalog nya di sini kan y kak?','text',NULL,'2025-10-02 08:46:28.000',1,0,NULL,'2025-10-02 08:46:28.338','2025-10-02 08:55:52.793'),('cmg969ne3001hueb0py5o76ne','3AE4842D4649BD9C0B86','6285201139003@s.whatsapp.net','6285201139003@s.whatsapp.net','business','Baik kak','text',NULL,'2025-10-02 08:47:30.000',1,0,NULL,'2025-10-02 08:47:30.987','2025-10-02 08:55:52.793'),('cmg96d5jx001iueb0s2o6sit4','AC22CB398B91DA9453176438B46966A8','6281548056593@s.whatsapp.net','6281548056593@s.whatsapp.net','business','Terimakasih','text',NULL,'2025-10-02 08:50:14.000',1,0,NULL,'2025-10-02 08:50:14.494','2025-10-02 08:55:52.793'),('cmg96l5w2001kueb0r65mv68i','3AD214A5077A0208D17B','601153397445@s.whatsapp.net','601153397445@s.whatsapp.net','business','Kalo jurusan pariwisata bisa ga kak','text',NULL,'2025-10-02 08:56:28.000',0,0,NULL,'2025-10-02 08:56:28.178','2025-10-02 08:56:28.178'),('cmg96o1gt001lueb01pcu01bv','AC186EBCEC952BF396F790B512E408C7','6285778552228@s.whatsapp.net','6285778552228@s.whatsapp.net','business','Okee kaa','text',NULL,'2025-10-02 08:58:42.000',0,0,NULL,'2025-10-02 08:58:42.413','2025-10-02 08:58:42.413'),('cmg96qf83001mueb0kkzwd994','3EB0D17C1B8A0CD59DA4F6','6285245418211-1440647835@g.us','6285245418211-1440647835@g.us','business','Yth Tim\nMohon bantuan proses pengunduruan diri mahasiswa NIM 049837329\nBerkas sudah diupload\nTerima kasih','text',NULL,'2025-10-02 09:00:33.000',1,0,NULL,'2025-10-02 09:00:33.555','2025-10-02 14:18:30.707'),('cmg96qya3001nueb0xs18qhaz','AC8B809402195509A73E68EE1680CAA1','6285893302680@s.whatsapp.net','6285893302680@s.whatsapp.net','business','Udah bisa kaak, tapi matkul semester baru di e-learning emg belum muncul ya?','image',NULL,'2025-10-02 09:00:58.000',0,0,NULL,'2025-10-02 09:00:58.252','2025-10-02 09:00:58.252'),('cmg972vye001uueb0or6xgk2i','3EB093897454F73CDEFA4C','6285245418211-1440647835@g.us','6285245418211-1440647835@g.us','business','049837329 solved','text',NULL,'2025-10-02 09:10:14.000',1,0,NULL,'2025-10-02 09:10:15.111','2025-10-02 14:18:30.707'),('cmg974ffh001vueb0i0zq92l3','ACA750968A9F27BC8EB15D5C0A9ABA4A','6285245418211-1440647835@g.us','6285245418211-1440647835@g.us','business','Ysh. TIM\nNama: Muhammad Wahyullah WF \nEmail : benar082@gmail.com\nKendala: belum menerima link verifikasi','text',NULL,'2025-10-02 09:11:26.000',1,0,NULL,'2025-10-02 09:11:27.005','2025-10-02 14:18:30.707'),('cmg975rmb001wueb0t89h7ank','3EB0A6D54D7A537A9C94D5','6285245418211-1440647835@g.us','6285245418211-1440647835@g.us','business',NULL,'text',NULL,'2025-10-02 09:12:28.000',1,0,NULL,'2025-10-02 09:12:29.460','2025-10-02 14:18:30.707'),('cmg976rdd001xueb0ltdvowy3','3EB06799B4C7484DD6B173','6285245418211-1440647835@g.us','6285245418211-1440647835@g.us','business','252000469 MUHAMMAD WAHYULLAH WF sudah dilaporkan, mohon menunggu dan cek berkala','text',NULL,'2025-10-02 09:13:15.000',1,0,NULL,'2025-10-02 09:13:15.794','2025-10-02 14:18:30.707'),('cmg979lom001yueb0yrfz4rae','3EB03E8C75CBBDC5252063','6285245418211-1440647835@g.us','6285245418211-1440647835@g.us','business','055946029 solved','text',NULL,'2025-10-02 09:15:25.000',1,0,NULL,'2025-10-02 09:15:28.391','2025-10-02 14:18:30.707'),('cmg97d78a001zueb0u1vatsel','AC4378A6DA0261CFC0BE686057D3DA52','6283821833600@s.whatsapp.net','6283821833600@s.whatsapp.net','business',NULL,'text',NULL,'2025-10-02 09:18:11.000',0,0,NULL,'2025-10-02 09:18:16.283','2025-10-02 09:18:16.283'),('cmg97ghm20020ueb0oyppk4gh','AC373EB7C6CA31705F8DD8AE94B2E263','6281213368573@s.whatsapp.net','6281213368573@s.whatsapp.net','business',NULL,'text',NULL,'2025-10-02 09:20:49.000',0,0,NULL,'2025-10-02 09:20:49.706','2025-10-02 09:20:49.706'),('cmg97hj8a0021ueb0sdmc8d66','3A762AC21B176E0F423B','6281382512962@s.whatsapp.net','6281382512962@s.whatsapp.net','business','Selamat sore\nSaya Fayrus Yasmin\nNim 041147036\nSaya mau buka link elearning it tetapi lupa untuk password \nBoleh minta tolong untuk dibayar tu ka?\nTerimakasih','text',NULL,'2025-10-02 09:21:37.000',0,0,NULL,'2025-10-02 09:21:38.458','2025-10-02 09:21:38.458'),('cmg97mpt60022ueb0kpm9p7a7','3EB0D55A104AEDC7A4C17D','6285716340454@s.whatsapp.net','6285716340454@s.whatsapp.net','business','baik saya coba kembali ya','text',NULL,'2025-10-02 09:25:37.000',0,0,NULL,'2025-10-02 09:25:40.267','2025-10-02 09:25:40.267'),('cmg97n7k00023ueb0hmokdwgn','3A3FE6E821D009C88EBB','6281382512962@s.whatsapp.net','6281382512962@s.whatsapp.net','business',NULL,'text',NULL,'2025-10-02 09:26:03.000',0,0,NULL,'2025-10-02 09:26:03.265','2025-10-02 09:26:03.265'),('cmg97n9wt0024ueb0fbbyr5u5','ACAF4B3FA441816AD966672282F97D0A','6287813004374@s.whatsapp.net','6287813004374@s.whatsapp.net','business','Permisi, selamat sore kak admin. Untuk pendaftaran semester genapnya dibuka tanggal berapa yaa? Terimakasih, maaf mengganggu waktunya','text',NULL,'2025-10-02 09:26:05.000',0,0,NULL,'2025-10-02 09:26:06.318','2025-10-02 09:26:06.318'),('cmg97ngtr0025ueb0ntww1ume','AC76C766515EA3C80C47AFDD53D5F94B','6283812859850@s.whatsapp.net','6283812859850@s.whatsapp.net','business','Jika sudah gini gimana yah kak ini kan sudah mau mulai tuton nya 🙏🏻','image',NULL,'2025-10-02 09:26:15.000',0,0,NULL,'2025-10-02 09:26:15.279','2025-10-02 09:26:15.279'),('cmg97os5f0026ueb0nxnijb8j','AC106EF3777F9D3467F5EF3B608B6734','6287813004374@s.whatsapp.net','6287813004374@s.whatsapp.net','business',NULL,'text',NULL,'2025-10-02 09:27:16.000',0,0,NULL,'2025-10-02 09:27:16.612','2025-10-02 09:27:16.612'),('cmg97vvwv0028ueb0p2nk8gga','3EB0BB1957CAD998BCFA6B','6285245418211-1440647835@g.us','6285245418211-1440647835@g.us','business','Yth. Tim Registrasi,\nmohon di bantu, perubahan tempat lahir, dari MAKAM di ganti SEI PUTIH, sesuai dengan yang ada di KTP, dengan 877687546\nDWI PURNOMO. Berkas sudah di upload. Terima kasih','text',NULL,'2025-10-02 09:32:47.000',1,0,NULL,'2025-10-02 09:32:48.079','2025-10-02 14:18:30.707'),('cmg97vyw80029ueb02hj30qmp','AC58D5F80BCC91D5C38530960A81D48F','6283821833600@s.whatsapp.net','6283821833600@s.whatsapp.net','business','Ini apa kak?','image',NULL,'2025-10-02 09:32:51.000',0,0,NULL,'2025-10-02 09:32:51.945','2025-10-02 09:32:51.945'),('cmg986pcu002dueb0mkdk8g9a','A65E190C40DCA4F30A64440AAC2B21D0','6285603548418@s.whatsapp.net','6285603548418@s.whatsapp.net','business',NULL,'text',NULL,'2025-10-02 09:41:07.000',0,0,NULL,'2025-10-02 09:41:12.798','2025-10-02 09:41:12.798'),('cmg9870ls002eueb0pgfqr7tg','0EEE2E415A9AF69D8C2EAC1BC48DBD08','6285603548418@s.whatsapp.net','6285603548418@s.whatsapp.net','business',NULL,'text',NULL,'2025-10-02 09:41:22.000',0,0,NULL,'2025-10-02 09:41:27.376','2025-10-02 09:41:27.376'),('cmg987dgc002fueb09jrs88q1','3EB0D9705F2A13585A61B5','6285245418211-1440647835@g.us','6285245418211-1440647835@g.us','business','877687546 solved','text',NULL,'2025-10-02 09:41:43.000',1,0,NULL,'2025-10-02 09:41:44.028','2025-10-02 14:18:30.707'),('cmg987my4002gueb05eu1vrt6','BD94F31E0572DFF022713D7542FF5564','6285603548418@s.whatsapp.net','6285603548418@s.whatsapp.net','business',NULL,'text',NULL,'2025-10-02 09:41:51.000',0,0,NULL,'2025-10-02 09:41:56.332','2025-10-02 09:41:56.332'),('cmg98ggdz002hueb0cb648mbh','ACCD64EF3582B96EDCB46392B18C6AED','6289673372584@s.whatsapp.net','6289673372584@s.whatsapp.net','business','Terimakasih atas kerjasamanya maaf jika merepotkan para pihak🙏🏻🙏🏻🙏🏻','text',NULL,'2025-10-02 09:48:45.000',0,0,NULL,'2025-10-02 09:48:47.735','2025-10-02 09:48:47.735'),('cmg98q3fr002iueb0boq5bp46','AC0692F1C1D0B5D0CC0BF8263B69BBFD','6287788731275-1632461291@g.us','6287788731275-1632461291@g.us','business','Lg eror ya','image',NULL,'2025-10-02 09:56:17.000',0,0,NULL,'2025-10-02 09:56:17.511','2025-10-02 09:56:17.511'),('cmg98wtl5002jueb0azd7as9l','AC23D0ADEB31F6967DB755DEEE50492A','6281586981432@s.whatsapp.net','6281586981432@s.whatsapp.net','business',NULL,'image',NULL,'2025-10-02 10:01:31.000',0,0,NULL,'2025-10-02 10:01:31.337','2025-10-02 10:01:31.337'),('cmg98x4xx002kueb0oqxtr695','AC3E960C6AD7E65E0A4797EDD1C6FBFE','6281586981432@s.whatsapp.net','6281586981432@s.whatsapp.net','business','Sore kak, klau sperti ini udah bisa diambil di UPBJJ UT Serang kah?','text',NULL,'2025-10-02 10:01:46.000',0,0,NULL,'2025-10-02 10:01:46.053','2025-10-02 10:01:46.053'),('cmg99oshb002lueb02uoqcev4','AC3C5961770BE476A9BBA23639DFC6EE','6287788731275-1632461291@g.us','6287788731275-1632461291@g.us','business','📢 Info Penting\n\n\nSaat ini E-learning dan MyUT sedang maintenance. Hal ini memang biasa terjadi kalau sudah mendekati jadwal TUTON\n\nMaintenance ini dilakukan supaya sistem lebih stabil dan siap digunakan saat TUTON dimulai. Jadi kalau belum bisa akses sekarang, ditunggu dulu ya, biasanya tidak lama akan normal kembali 😊','text',NULL,'2025-10-02 10:23:13.000',0,0,NULL,'2025-10-02 10:23:16.271','2025-10-02 10:23:16.271'),('cmg9a97nh002mueb0y3xiiz2k','ACD6F9A98F32DE67B2EF5D9DEBD82B93','6283141005054@s.whatsapp.net','6283141005054@s.whatsapp.net','business','assalamualaikum \nrohman 0517911\nregistrasi semester baru kapan ya ka','text',NULL,'2025-10-02 10:39:05.000',0,0,NULL,'2025-10-02 10:39:09.053','2025-10-02 10:39:09.053'),('cmg9bg6ot002uueb0oi2ycunz','3A832E5410BF23575F22','6287774011798@s.whatsapp.net','6287774011798@s.whatsapp.net','business','Min saya udah daftar camaba','text',NULL,'2025-10-02 11:12:32.000',0,0,NULL,'2025-10-02 11:12:34.014','2025-10-02 11:12:34.014'),('cmg9bgg1h002vueb0dwifufi2','3AFA1E0F860FCBB3ADCE','6287774011798@s.whatsapp.net','6287774011798@s.whatsapp.net','business','Tapi ko belom nerima email aktivasi ya','text',NULL,'2025-10-02 11:12:46.000',0,0,NULL,'2025-10-02 11:12:46.134','2025-10-02 11:12:46.134'),('cmg9biwoi002wueb0eekgy045','3A8475A55A7A917DDC3C','6285813905866@s.whatsapp.net','6285813905866@s.whatsapp.net','business','kak mau tanya ini nanti klo misal pas ujian bisa ga pas hari minggu aja','text',NULL,'2025-10-02 11:14:40.000',0,0,NULL,'2025-10-02 11:14:41.010','2025-10-02 11:14:41.010'),('cmg9blpm3002xueb0yezceo7j','A5BBF98025D709F09FE3D34F6DB34E6B','6281210210925@s.whatsapp.net','6281210210925@s.whatsapp.net','business','Assalamu\'alaikum kak Boleh tanya gk alamat surel saya gk sesuai dengan yg saya daftarkan takutnya e-mail yg dikirim tidak masuk Adiensaprudin22@gmail.com ini yg saya daftarkan Adiensaprudin@gmail.com ini yg ada di e-learning','image',NULL,'2025-10-02 11:16:51.000',0,0,NULL,'2025-10-02 11:16:51.819','2025-10-02 11:16:51.819'),('cmg9buqhs002yueb0rf01kp6k','093EB6CF68F601D56BB8CEE37F5CD9DE','6282261621500@s.whatsapp.net','6282261621500@s.whatsapp.net','business','Permisi ka','text',NULL,'2025-10-02 11:23:47.000',0,0,NULL,'2025-10-02 11:23:52.865','2025-10-02 11:23:52.865'),('cmg9bw6ce0030ueb0z2pho7xm','43156E885DDC813F976A2F6F84F33827','6282261621500@s.whatsapp.net','6282261621500@s.whatsapp.net','business','Mau nanya, saya mau cek jadwal TTM/TUWEB, pas mau masukin NIM nya ko ga terdaftar ya NIM nya','image',NULL,'2025-10-02 11:24:59.000',0,0,NULL,'2025-10-02 11:25:00.063','2025-10-02 11:25:00.063'),('cmg9bxtkc0032ueb0v9ckyn2q','4F545C1DDBF69F237422D976F1C1D371','6285603548418@s.whatsapp.net','6285603548418@s.whatsapp.net','business','Untuk itu saya meminta kontak resminya kak tkutnya penipuan','text',NULL,'2025-10-02 11:26:16.000',0,0,NULL,'2025-10-02 11:26:16.813','2025-10-02 11:26:16.813'),('cmg9cp3340033ueb0bn9zrsqm','AC34CCFFBF92AC203E77026D3B88D6CF','6287788731275-1632461291@g.us','6287788731275-1632461291@g.us','business','Kalau sudah maintenance info ya min','text',NULL,'2025-10-02 11:47:28.000',0,0,NULL,'2025-10-02 11:47:28.865','2025-10-02 11:47:28.865'),('cmg9dcik30034ueb0cbdesj2p','52DD064B046E525394DE44942DF9435D','6281327826729@s.whatsapp.net','6281327826729@s.whatsapp.net','business','halo selamat malam','text',NULL,'2025-10-02 12:05:36.000',0,0,NULL,'2025-10-02 12:05:42.003','2025-10-02 12:05:42.003'),('cmg9dcoc30035ueb09dnqcdte','CF5C17202AC10A043FE91913C7443879','6281327826729@s.whatsapp.net','6281327826729@s.whatsapp.net','business','saya mau nanya untuk registrasi ut serang','text',NULL,'2025-10-02 12:05:46.000',0,0,NULL,'2025-10-02 12:05:49.491','2025-10-02 12:05:49.491'),('cmg9dery40036ueb07ffr7eh5','ACA8E142EE73335EAED9B3EFB339EC95','6285693638779@s.whatsapp.net','6285693638779@s.whatsapp.net','business','berati saya keluar saja ya dari grup mahasiswa tahun 2025A 🙏🏻','text',NULL,'2025-10-02 12:07:27.000',1,0,NULL,'2025-10-02 12:07:27.484','2025-10-02 15:24:43.521'),('cmg9dip140037ueb0syz528z2','ACC2573CF2D3A5A03BD48E7EABEFFC40','6283821833600@s.whatsapp.net','6283821833600@s.whatsapp.net','business','Kak jika kantor di serang tutup bagaimana kak?','text',NULL,'2025-10-02 12:10:30.000',0,0,NULL,'2025-10-02 12:10:30.328','2025-10-02 12:10:30.328'),('cmg9do2te0038ueb09qkz3pl2','ACFC167112E72F56BE8C55939EBF20A6','6283879138643@s.whatsapp.net','6283879138643@s.whatsapp.net','business','kak ini knpa ya gabisa lanjut ke topik selanjutnya','image',NULL,'2025-10-02 12:14:40.000',0,0,NULL,'2025-10-02 12:14:41.474','2025-10-02 12:14:41.474'),('cmg9fq0f9003dueb0596i077q','3AE104C9003C21846600','6281717754499@s.whatsapp.net','6281717754499@s.whatsapp.net','business','selamat malam kak, ijin bertanya untuk s2 ilmu administrasi publik akreditasi universitas terbuka serang apa ya kak ?','text',NULL,'2025-10-02 13:12:09.000',0,0,NULL,'2025-10-02 13:12:10.917','2025-10-02 13:12:10.917'),('cmg9fq2iw003eueb0wy7uq9th','3ADB7C76971F711B94A6','6281717754499@s.whatsapp.net','6281717754499@s.whatsapp.net','business','Terimakasih','text',NULL,'2025-10-02 13:12:12.000',0,0,NULL,'2025-10-02 13:12:13.641','2025-10-02 13:12:13.641'),('cmg9fqihg003fueb0ilsdxrlk','2AD1E51EED5D44001EAE','6288804652574@s.whatsapp.net','6288804652574@s.whatsapp.net','business','halo ka','text',NULL,'2025-10-02 13:12:33.000',0,0,NULL,'2025-10-02 13:12:34.324','2025-10-02 13:12:34.324'),('cmg9frrrs003gueb0anpjfn9m','2A79BFCCF48960788D67','6288804652574@s.whatsapp.net','6288804652574@s.whatsapp.net','business','044807085 Alya Zasqia Narendra\nsaya daftar mata kuliah ulang,\nlaboratorium auditing\nakuntansi keuangan lanjutan 1\nteori portofolio & analisis investasi\ntapi di elearning belum muncul ya ka','text',NULL,'2025-10-02 13:13:33.000',0,0,NULL,'2025-10-02 13:13:33.016','2025-10-02 13:13:33.016'),('cmg9g1ukz003iueb0wb54pq0i','AC96889438CB546DBD830F6A0399BDD1','6283833143826@s.whatsapp.net','6283833143826@s.whatsapp.net','business','Permisi kak','text',NULL,'2025-10-02 13:21:23.000',0,0,NULL,'2025-10-02 13:21:23.220','2025-10-02 13:21:23.220'),('cmg9g3so6003jueb02uoeeaby','ACBB2B05E307E3C477F8B4F326B2D27A','6283833143826@s.whatsapp.net','6283833143826@s.whatsapp.net','business','Owh iya maaf ya kak saya mengganggu','text',NULL,'2025-10-02 13:22:53.000',0,0,NULL,'2025-10-02 13:22:54.054','2025-10-02 13:22:54.054'),('cmg9g5ajh003kueb0bb5vhjbb','AC4E0441702FE3239A78D14EFB844B7D','6283833143826@s.whatsapp.net','6283833143826@s.whatsapp.net','business','Nama saya ira \nSaya mau daftar kuliah di ut mau minta ling pendaftarannya boleh?🙏','text',NULL,'2025-10-02 13:24:03.000',0,0,NULL,'2025-10-02 13:24:03.870','2025-10-02 13:24:03.870'),('cmg9g5og3003lueb01utv9v5y','AC36BE0EC96F87E0D55ACE9F370BDD34','6283833143826@s.whatsapp.net','6283833143826@s.whatsapp.net','business',NULL,'text',NULL,'2025-10-02 13:24:21.000',0,0,NULL,'2025-10-02 13:24:21.892','2025-10-02 13:24:21.892'),('cmg9ggq2s003mueb0cx65mvlp','3ACE265865B6CF5BCE97','57626264096940@lid','57626264096940@lid','business','saya ingin mengajukan pengubahan terkait pilihan kantor cabang apakah bisa? saya domisili kabupaten tangerang min','text',NULL,'2025-10-02 13:32:57.000',1,0,NULL,'2025-10-02 13:32:57.221','2025-10-03 03:45:33.227'),('cmg9h45nd003nueb03no8kbmx','AC21CBF4D84DCF3376605D2653944F90','6285819051396@s.whatsapp.net','6285819051396@s.whatsapp.net','business','Assalamu\'alaikum, hllo perkenalkan nama saya anggi dari pakultas pgsd nim 857285363, sebelumnya maaf mengganggu, mau nanya kak ada masalah di myut saya, seharusnya semester 1 , lalu kenapa bisa berubah ya kak , ke semester 2, maaf ya kak klo kurang sopan chat malem malem, hanya ingin menanyakan kendala itu aja , assalamualaikum','text',NULL,'2025-10-02 13:51:05.000',0,0,NULL,'2025-10-02 13:51:10.490','2025-10-02 13:51:10.490'),('cmg9h5civ003oueb00c89vlo0','AC9F30F721F222C2E7E355CD620A9399','6285819051396@s.whatsapp.net','6285819051396@s.whatsapp.net','business','Baik kak','text',NULL,'2025-10-02 13:52:06.000',0,0,NULL,'2025-10-02 13:52:06.056','2025-10-02 13:52:06.056'),('cmg9hch2n003pueb0dn92mkci','A5285ED2540BFD91E31F11B72B6C6E50','6285774389909@s.whatsapp.net','6285774389909@s.whatsapp.net','business',NULL,'text',NULL,'2025-10-02 13:57:38.000',1,0,NULL,'2025-10-02 13:57:38.543','2025-10-03 03:45:15.586'),('cmg9hch8g003queb07ffuwxb3','A58C477BB3D2C5D4495F35030DA075E7','6285774389909@s.whatsapp.net','6285774389909@s.whatsapp.net','business','Kak, mau tanya ini saya kan mengulang 2 MK di semester sebelumnya tapi di e-learning cuma ada 3 MK saja','image',NULL,'2025-10-02 13:57:38.000',1,0,NULL,'2025-10-02 13:57:38.752','2025-10-03 03:45:15.586'),('cmg9hchfe003rueb0cllae2jo','A5E1D6AF630A705A172C5A1EFFB129B8','6285774389909@s.whatsapp.net','6285774389909@s.whatsapp.net','business',NULL,'image',NULL,'2025-10-02 13:57:39.000',1,0,NULL,'2025-10-02 13:57:39.002','2025-10-03 03:45:15.586'),('cmg9hcpjg003sueb0hl44y4lh','A58D7714477266B4CF728E0992EF7A44','6285774389909@s.whatsapp.net','6285774389909@s.whatsapp.net','business','Ini e-learning','image',NULL,'2025-10-02 13:57:49.000',1,0,NULL,'2025-10-02 13:57:49.516','2025-10-03 03:45:15.586'),('cmg9hegz7003tueb0pagq7nur','3A3C21BBE243E1D302E1','57626264096940@lid','57626264096940@lid','business','mengingat saya belum melakukan pembayaran admisi pendaftaran saya ingin mengubah kantor cabang UT karena saya domisili kabupaten tangeran, dan ingin mengubah  fakultas/prodi saya','text',NULL,'2025-10-02 13:59:11.000',1,0,NULL,'2025-10-02 13:59:11.731','2025-10-03 03:45:33.227'),('cmg9hfqea003uueb0gi28qmv4','3A57A0B243F8B76F88FD','57626264096940@lid','57626264096940@lid','business',NULL,'text',NULL,'2025-10-02 14:00:10.000',1,0,NULL,'2025-10-02 14:00:10.594','2025-10-03 03:45:33.227'),('cmg9hgas8003vueb0s3admo26','A5902DA422DB54ABDCBAC72B74A057F0','6285774389909@s.whatsapp.net','6285774389909@s.whatsapp.net','business',NULL,'text',NULL,'2025-10-02 14:00:36.000',1,0,NULL,'2025-10-02 14:00:37.017','2025-10-03 03:45:15.586'),('cmg9i8h4h003wueb0ncpmu0zv','83D6AFAC7BEA925D42E89AA1EFD84290','6281218858255@s.whatsapp.net','6281218858255@s.whatsapp.net','business','Baik ka','text',NULL,'2025-10-02 14:22:31.000',0,0,NULL,'2025-10-02 14:22:31.601','2025-10-02 14:22:31.601'),('cmg9irrr5003xueb0knavw2zj','AC0C0F77E5439FBC0F98B9B40FB6097F','6282334499916@s.whatsapp.net','6282334499916@s.whatsapp.net','business','Bisa mnta rinciannya semester nya tidak kk.','text',NULL,'2025-10-02 14:37:31.000',0,0,NULL,'2025-10-02 14:37:31.842','2025-10-02 14:37:31.842'),('cmg9irv6o003yueb06ygiwitv','ACC3CB503414075828F20441F5F29E40','6282334499916@s.whatsapp.net','6282334499916@s.whatsapp.net','business','🙏','text',NULL,'2025-10-02 14:37:36.000',0,0,NULL,'2025-10-02 14:37:36.288','2025-10-02 14:37:36.288'),('cmg9j3i3e003zueb0h3wseur6','AC5BF8EA650D73EFAA359378EFEE2D01','6283893331417@s.whatsapp.net','6283893331417@s.whatsapp.net','business','berarti mulai kuliahnya mulai apa tu min','text',NULL,'2025-10-02 14:46:39.000',0,0,NULL,'2025-10-02 14:46:39.194','2025-10-02 14:46:39.194'),('cmg9ka02r0041ueb0ew996cxe','A59ACBC0570259BD3F6B3FC15FC130CE','6285774389909@s.whatsapp.net','6285774389909@s.whatsapp.net','business',NULL,'image',NULL,'2025-10-02 15:19:41.000',1,0,NULL,'2025-10-02 15:19:42.052','2025-10-03 03:45:15.586'),('cmg9kn9000042ueb0gpdxh9ev','AC9519C88F63171013EACC94DABA5E1B','6287788731275-1632461291@g.us','6287788731275-1632461291@g.us','business',NULL,'audio',NULL,'2025-10-02 15:29:59.000',0,0,NULL,'2025-10-02 15:30:00.144','2025-10-02 15:30:00.144'),('cmg9o8py80043ueb0q3mz0vnd','ACD1F2281D57DF5E1B26467C7B6AB8DE','6285719576865@s.whatsapp.net','6285719576865@s.whatsapp.net','business','Hallo\' kak selamat malam maaf mengganggu waktu nya, mau tanya di buka pendaftaran kuliah di UT bulan apa kak','text',NULL,'2025-10-02 17:10:40.000',0,0,NULL,'2025-10-02 17:10:40.736','2025-10-02 17:10:40.736'),('cmg9vtwae0045ueb0c24uhkw8','3A131ACAAE05ACEDF6A0','601153397445@s.whatsapp.net','601153397445@s.whatsapp.net','business','Apakah tersedia kak?','text',NULL,'2025-10-02 20:43:05.000',0,0,NULL,'2025-10-02 20:43:06.038','2025-10-02 20:43:06.038'),('cmg9znti0004lueb0a7x7se27','AC2696E9C758442D1EAF8B1265BD9C32','6287788731275-1632461291@g.us','6287788731275-1632461291@g.us','business','Mksh min info nya','text',NULL,'2025-10-02 22:30:20.000',0,0,NULL,'2025-10-02 22:30:20.952','2025-10-02 22:30:20.952'),('cmg9zvn7p004mueb09ry8q2zg','3A5D9BCAB25C9747EA58','6285246197319@s.whatsapp.net','6285246197319@s.whatsapp.net','business','Selamat pagi ka, NIM 052896162 apa masih aktif?','text',NULL,'2025-10-02 22:36:25.000',0,0,NULL,'2025-10-02 22:36:26.053','2025-10-02 22:36:26.053'),('cmg9zzx0k004nueb0y05vyl0z','3A68DB53EB5DF9B421B0','6285773287807@s.whatsapp.net','6285773287807@s.whatsapp.net','business','memangnya proses verifikasi nya berapa lama ya kak','text',NULL,'2025-10-02 22:39:45.000',1,0,NULL,'2025-10-02 22:39:45.380','2025-10-03 03:45:16.384'),('cmga113wx004oueb0d1doml8i','3A79A47487D164D22587','6283872916606@s.whatsapp.net','6283872916606@s.whatsapp.net','business','Selamat pagi kak\nkak boleh lihat rincian biaya kuliah pendidikan Agama Islam untuk per semester nya ?','text',NULL,'2025-10-02 23:08:39.000',0,0,NULL,'2025-10-02 23:08:40.593','2025-10-02 23:08:40.593'),('cmga2o7qm004pueb0d66e7ft3','AC244ED240AB89C7AFDF783158D1ED9A','6281297181534@s.whatsapp.net','6281297181534@s.whatsapp.net','business','Yazid Mubarok Nim 044366461','text',NULL,'2025-10-02 23:54:38.000',0,0,NULL,'2025-10-02 23:54:38.254','2025-10-02 23:54:38.254'),('cmga2ows7004queb06episbcr','ACD381E194DA65FCB5557CC4691D0806','6281297181534@s.whatsapp.net','6281297181534@s.whatsapp.net','business','Min mau nanya misal ga klik kesediaan mengikuti tuton semester ini apakah gapapa?','text',NULL,'2025-10-02 23:55:10.000',0,0,NULL,'2025-10-02 23:55:10.712','2025-10-02 23:55:10.712'),('cmga2p1k3004rueb0l07r9tq2','AC537D93E1D539F0C8D5A86B299940FB','6281297181534@s.whatsapp.net','6281297181534@s.whatsapp.net','business','Yazid Mubarok Nim 044366461','text',NULL,'2025-10-02 23:55:16.000',0,0,NULL,'2025-10-02 23:55:16.899','2025-10-02 23:55:16.899'),('cmga58pki0060ueb0ssjttvuo','ACB0593D2DF1115153AAE734E1FB619F','6283151491072@s.whatsapp.net','6283151491072@s.whatsapp.net','business','pagi min, saya zalwa amalia ingin tanya hal terkait pendaftaran di ut serang','text',NULL,'2025-10-03 01:06:27.000',0,0,NULL,'2025-10-03 01:06:33.714','2025-10-03 01:06:33.714'),('cmga59t6o0061ueb03s5fhbkp','AC1C2CE8EE5AC1D91D56D9A55F2345A5','6285245418211-1440647835@g.us','6285245418211-1440647835@g.us','business','Yth Tim:\nNAMA : DARLIA EKA SAPUTRI\nEMAIL : darliaekasaputri@gmail.com \nKENDALA : EMAIL AKTIVASI TDK DITERIMA','text',NULL,'2025-10-03 01:07:24.000',0,0,NULL,'2025-10-03 01:07:25.057','2025-10-03 01:07:25.057'),('cmga5a5b00062ueb05je7uyyr','AC866C45CEDF7F3ED144CAD58F397CC9','6285245418211-1440647835@g.us','6285245418211-1440647835@g.us','business',NULL,'text',NULL,'2025-10-03 01:07:40.000',0,0,NULL,'2025-10-03 01:07:40.764','2025-10-03 01:07:40.764'),('cmga5by0x0063ueb0r9ok8pkq','AC31D87E219226DE942B05590F10816C','6285245418211-1440647835@g.us','6285245418211-1440647835@g.us','business','Yth Tim\nNama : Darlia Eka Saputri \nEMAIL : darliaekasaputri@gmail.com \nKendala : tidaj menerima email aktivasi','text',NULL,'2025-10-03 01:09:02.000',0,0,NULL,'2025-10-03 01:09:04.642','2025-10-03 01:09:04.642'),('cmga5jcak0065ueb0wqhkd41n','A5DA153ACF4EB45907D32068B30A3070','6283871331612@s.whatsapp.net','6283871331612@s.whatsapp.net','business','Selamat pagi kak. Mohon maaf saya WA lagi ka. Terkait ini sudah dibalas sama pak Ade. Namun kendalanya masih belum bisa ka. Untuk tugas osmb pkbjj ini deadlinenya kapan ya ka? Saya jadi belum bisa menyelesaikan tugasnya, sedangkan tuton sudah mau dimulai🙏🏻','text',NULL,'2025-10-03 01:14:49.000',0,0,NULL,'2025-10-03 01:14:49.724','2025-10-03 01:14:49.724'),('cmga5kczz0066ueb0f6vyeoyl','A504D9DDB4EAF6EFA1D4B1BEC65BDEF0','6283871331612@s.whatsapp.net','6283871331612@s.whatsapp.net','business','Ka mohon maaf saya mau bertanya lagi. Tadi dapet info skema ujian sudah bisa diakses. Namun saya ada beberapa matkul yang bentrok jam ujiannya. Ini bagaimana ya ka solusinya? Terima kasih🙏','image',NULL,'2025-10-03 01:15:36.000',0,0,NULL,'2025-10-03 01:15:37.295','2025-10-03 01:15:37.295'),('cmga5kdfa0067ueb0hgwpa5xw','3A3FECB3E3E0BC69CBA8','6541252018185@lid','6541252018185@lid','business','Hallo min mau tanya, aku mau masuk ke apk tuton tapi ko gabisa bisa ya','text',NULL,'2025-10-03 01:15:38.000',1,0,NULL,'2025-10-03 01:15:37.847','2025-10-03 03:48:13.021'),('cmga5lb170068ueb0bf0b5jzp','3EB04C1B5C6536F87EEF94','628881756825@s.whatsapp.net','628881756825@s.whatsapp.net','business','pagi kak','text',NULL,'2025-10-03 01:16:20.000',0,0,NULL,'2025-10-03 01:16:21.403','2025-10-03 01:16:21.403'),('cmga5lvhi0069ueb0plky2oah','3EB042990200482A103667','628881756825@s.whatsapp.net','628881756825@s.whatsapp.net','business','masi ga bisa dong','image',NULL,'2025-10-03 01:16:47.000',0,0,NULL,'2025-10-03 01:16:47.910','2025-10-03 01:16:47.910'),('cmga5ma0g006aueb02t1lslbl','3EB0673F3371357DA1FC50','628881756825@s.whatsapp.net','628881756825@s.whatsapp.net','business','link untuk BA sy smpe skrng masi eror kak','text',NULL,'2025-10-03 01:17:05.000',0,0,NULL,'2025-10-03 01:17:06.737','2025-10-03 01:17:06.737'),('cmga5mpg1006bueb01xd5g88h','3EB04E59F86E66F28E2E84','628881756825@s.whatsapp.net','628881756825@s.whatsapp.net','business','gimana cara mengatasinya ya','text',NULL,'2025-10-03 01:17:26.000',0,0,NULL,'2025-10-03 01:17:26.737','2025-10-03 01:17:26.737'),('cmga5myrq006cueb0dgyumrux','3EB0CE08FB675F3059F56E','628881756825@s.whatsapp.net','628881756825@s.whatsapp.net','business','soalnya ini sdh tgl 3','text',NULL,'2025-10-03 01:17:36.000',0,0,NULL,'2025-10-03 01:17:38.823','2025-10-03 01:17:38.823'),('cmga5n2t5006dueb0m8og1zcd','3EB0791318F9A1EC9618A3','628881756825@s.whatsapp.net','628881756825@s.whatsapp.net','business','tgl 6 sudah mulai tuton','text',NULL,'2025-10-03 01:17:43.000',0,0,NULL,'2025-10-03 01:17:44.057','2025-10-03 01:17:44.057'),('cmga5n68w006eueb06thuxd8d','3EB04BEB451A762367D5DB','628881756825@s.whatsapp.net','628881756825@s.whatsapp.net','business','dibantu ya kak','text',NULL,'2025-10-03 01:17:47.000',0,0,NULL,'2025-10-03 01:17:48.513','2025-10-03 01:17:48.513'),('cmga5qwhq006fueb03why6z5b','3EB00A5344EAD0BB31B245','6285245418211-1440647835@g.us','6285245418211-1440647835@g.us','business','Yth Tim \nmohon bantuan undur diri nim 858976817 (berkas diunggah di ubah data pribadi) trims','text',NULL,'2025-10-03 01:20:42.000',0,0,NULL,'2025-10-03 01:20:42.495','2025-10-03 01:20:42.495'),('cmga5rtaq006gueb03zx68l3n','AC5DBECEC8AE705192C73A6DC5887218','6285219521609@s.whatsapp.net','6285219521609@s.whatsapp.net','business','Ka ko kalo di e learning matkul tuton nya cuma ada 5 ya. Sedangkan buku yg datang ada 6 matkul. Yg ga ada di e learning matkul BELAJAR DI ERA DIGITAL. Saya dari prodi manajemen semester 2 nim : 054891707 Ferdiansah','text',NULL,'2025-10-03 01:21:24.000',0,0,NULL,'2025-10-03 01:21:25.010','2025-10-03 01:21:25.010'),('cmga5tftp006hueb02m4r5fxe','AC5D662CF0CC858829DC37A2707FAA40','6285219521609@s.whatsapp.net','6285219521609@s.whatsapp.net','business',NULL,'text',NULL,'2025-10-03 01:22:38.000',0,0,NULL,'2025-10-03 01:22:40.861','2025-10-03 01:22:40.861'),('cmga5txyq006iueb0pvw43b6e','3AB34AC1899F6EEA294F','628568831016@s.whatsapp.net','628568831016@s.whatsapp.net','business','Nama : Resti Maulidia\nNim : 055992287\nKendala : tidak bisa login tuton di aplikasi karena invalid login tapi bisa login lewat web,tolong dibantu ya ka🙏','text',NULL,'2025-10-03 01:23:04.000',0,0,NULL,'2025-10-03 01:23:04.370','2025-10-03 01:23:04.370'),('cmga5u4to006jueb0spw9geiu','3A78C0EA482E021AB3FC','628568831016@s.whatsapp.net','628568831016@s.whatsapp.net','business',NULL,'image',NULL,'2025-10-03 01:23:13.000',0,0,NULL,'2025-10-03 01:23:13.260','2025-10-03 01:23:13.260'),('cmga5u50t006kueb0tgjojhyg','3EB0A602C105862B259364','6285245418211-1440647835@g.us','6285245418211-1440647835@g.us','business','Yth Tim; mohon dibantu : Nama:Rizka amelia\nEmail : rizkamelia301@gmail.com\nKendala:blm menerima email aktivasi','text',NULL,'2025-10-03 01:23:13.000',0,0,NULL,'2025-10-03 01:23:13.518','2025-10-03 01:23:13.518'),('cmga5uvpc006lueb0a4nxoqr9','3EB0A5AC2820A233EF93F5','6285717962597-1630576242@g.us','6285717962597-1630576242@g.us','business','#Yth. Tim DAAK selamat pagi\nmohon bantuannya, status mahasiswa DS sudah DMR a.n.\nYOKBET MANGAR\nNIM. 838608211\nterima kasih sebelumnya🙏🏻🙏🏻🙏🏻','text',NULL,'2025-10-03 01:23:48.000',0,0,NULL,'2025-10-03 01:23:48.096','2025-10-03 01:23:48.096'),('cmga5z9j6006mueb02i2d1h19','A5D3DD61EE2E55149061220C799A11A3','6281213989418@s.whatsapp.net','6281213989418@s.whatsapp.net','business',NULL,'text',NULL,'2025-10-03 01:27:07.000',0,0,NULL,'2025-10-03 01:27:12.642','2025-10-03 01:27:12.642'),('cmga63kwr006queb0wzusoiyk','3EB07C503C1BC5B4FEA943','6285717962597-1630576242@g.us','6285717962597-1630576242@g.us','business','838608211 solved','text',NULL,'2025-10-03 01:30:33.000',0,0,NULL,'2025-10-03 01:30:34.011','2025-10-03 01:30:34.011'),('cmga649gu006rueb0ha1thzcm','AC08E555313B0CB711860006AF73D406','6285717962597-1630576242@g.us','6285717962597-1630576242@g.us','business','Dangke🙏🙏🙏','text',NULL,'2025-10-03 01:31:05.000',0,0,NULL,'2025-10-03 01:31:05.839','2025-10-03 01:31:05.839'),('cmga64b0b006sueb0skoy6m2a','A5276CC5DC1C3AC4E641805C6F347F38','6281213989418@s.whatsapp.net','6281213989418@s.whatsapp.net','business','Assalamualaikum','text',NULL,'2025-10-03 01:31:06.000',0,0,NULL,'2025-10-03 01:31:07.835','2025-10-03 01:31:07.835'),('cmga64b2f006tueb03ezl5di3','A5A71031AF53DAC3F976B960B9E8FF09','6281213989418@s.whatsapp.net','6281213989418@s.whatsapp.net','business','Selamat pagi','text',NULL,'2025-10-03 01:31:07.000',0,0,NULL,'2025-10-03 01:31:07.911','2025-10-03 01:31:07.911'),('cmga667xw006uueb07y6yjeg5','3EB00489C28FAE8760CE80','6285245418211-1440647835@g.us','6285245418211-1440647835@g.us','business','252001199 DARLIA EKA SAPUTRI sudah dilaporkan. Mohon menunggu dan cek berkala','text',NULL,'2025-10-03 01:32:36.000',0,0,NULL,'2025-10-03 01:32:37.172','2025-10-03 01:32:37.172'),('cmga6bw93006vueb0yvrk82k3','3EB0D5C1AB34290BCC1291','6285245418211-1440647835@g.us','6285245418211-1440647835@g.us','business','858976817 Mahasiswa tersebut sudah berstatus DX','text',NULL,'2025-10-03 01:37:01.000',0,0,NULL,'2025-10-03 01:37:01.959','2025-10-03 01:37:01.959'),('cmga6cftp006wueb07lti1kc1','3A4C82D91789CDBD764F','6541252018185@lid','6541252018185@lid','business','nama : salwa fadilah\nNim : 054889954\nPertanyaan: kenapa aku gabisa masuk ke apk tuton','text',NULL,'2025-10-03 01:37:27.000',1,0,NULL,'2025-10-03 01:37:27.325','2025-10-03 03:48:13.021'),('cmga6co35006xueb0fxtaoe0a','3EB0B1F53D20C1CF1BD679','6285245418211-1440647835@g.us','6285245418211-1440647835@g.us','business','251278406 RIZKA sudah dilaporkan. Mohon menunggu dan cek berkala','text',NULL,'2025-10-03 01:37:37.000',0,0,NULL,'2025-10-03 01:37:38.034','2025-10-03 01:37:38.034'),('cmga6cw4q006yueb0m4l3u5lt','3EB0018C724868254B1611','6285717962597-1630576242@g.us','6285717962597-1630576242@g.us','business','sama sama 🙏🏻','text',NULL,'2025-10-03 01:37:48.000',0,0,NULL,'2025-10-03 01:37:48.459','2025-10-03 01:37:48.459'),('cmga6lvrh0070ueb0umdi3a7i','ACE5B5D80ADE00139B658985656693C8','6289673372584@s.whatsapp.net','6289673372584@s.whatsapp.net','business','Kak maaf izin bertanya lagi🙏🏻🙏🏻🙏🏻🙏🏻','text',NULL,'2025-10-03 01:44:48.000',0,0,NULL,'2025-10-03 01:44:47.885','2025-10-03 01:44:47.885'),('cmga6m0g40071ueb07138jd0i','AC1B3B5F4754B1948D1FD8CEDA55EAF4','6289673372584@s.whatsapp.net','6289673372584@s.whatsapp.net','business',NULL,'image',NULL,'2025-10-03 01:44:54.000',0,0,NULL,'2025-10-03 01:44:53.957','2025-10-03 01:44:53.957'),('cmga6mje00072ueb09gwd1va8','AC12722B825D40F6D650DEE29F0B89E6','6289673372584@s.whatsapp.net','6289673372584@s.whatsapp.net','business','Saat hendak login menggunakan kata sandi Ut09052007 tidak bisa\nNim:877650289','text',NULL,'2025-10-03 01:45:18.000',0,0,NULL,'2025-10-03 01:45:18.505','2025-10-03 01:45:18.505'),('cmga6pbm00073ueb0njkj4llq','3BCFAC5A0E7394076840','6287763768838@s.whatsapp.net','6287763768838@s.whatsapp.net','business','Pagi ka..','text',NULL,'2025-10-03 01:47:27.000',0,0,NULL,'2025-10-03 01:47:28.392','2025-10-03 01:47:28.392'),('cmga6slpe0074ueb0qna95dea','3BA738C29AD2C4D1A326','6287763768838@s.whatsapp.net','6287763768838@s.whatsapp.net','business','Nama : Sella Dwi Ananda\nIzin bertanya, apakah masih bisa menerima mahasiswa baru?','text',NULL,'2025-10-03 01:50:01.000',0,0,NULL,'2025-10-03 01:50:01.442','2025-10-03 01:50:01.442'),('cmga6wsel0075ueb00ddn8586','AC1A6164DFAE4CB5A0EFB41B8FA04D53','6283895844349@s.whatsapp.net','6283895844349@s.whatsapp.net','business','hallo ka, mau bertanya. sy kan baru masuk kuliah msi semester 1, jika nnti semester 2 ingin pindah ke ut apakah bisa ka?','text',NULL,'2025-10-03 01:53:16.000',0,0,NULL,'2025-10-03 01:53:16.750','2025-10-03 01:53:16.750'),('cmga6zhtd0076ueb03if85i5k','A57ACECDA8CCCE40DC241444D38FF3F7','6283871331612@s.whatsapp.net','6283871331612@s.whatsapp.net','business',NULL,'text',NULL,'2025-10-03 01:55:22.000',0,0,NULL,'2025-10-03 01:55:22.993','2025-10-03 01:55:22.993'),('cmga73fy10077ueb00hmdvplz','3A02BBDC10AF3499EE5E','6281223265533@s.whatsapp.net','6281223265533@s.whatsapp.net','business','hallo ka','text',NULL,'2025-10-03 01:58:24.000',0,0,NULL,'2025-10-03 01:58:27.193','2025-10-03 01:58:27.193'),('cmga73h6v0078ueb02tltxoib','3EB0A72FD6856F3C1AF43D','6285245418211-1440647835@g.us','6285245418211-1440647835@g.us','business','Yth. Tim \nMohon bantuan aktivasi DP mahasiswa NIM 030158132, berkas lengkap.\n\nTerima kasih.','text',NULL,'2025-10-03 01:58:28.000',0,0,NULL,'2025-10-03 01:58:28.807','2025-10-03 01:58:28.807'),('cmga746c20079ueb0pivgwm16','3A26C2EC7D925DB13E9B','6281223265533@s.whatsapp.net','6281223265533@s.whatsapp.net','business','Nama aku alisa dan rencana untuk kuliah tahun depan kira kira kapan yaa dibuka pendaftaran nya','text',NULL,'2025-10-03 01:59:01.000',0,0,NULL,'2025-10-03 01:59:01.394','2025-10-03 01:59:01.394'),('cmga77ucu007aueb0i946roup','3EB03360DB985873602C24','6285245418211-1440647835@g.us','6285245418211-1440647835@g.us','business','030158132 OK/DA','text',NULL,'2025-10-03 02:01:52.000',0,0,NULL,'2025-10-03 02:01:52.494','2025-10-03 02:01:52.494'),('cmga94lwt0005uehs7hge500u','3AAC56E7AC0E5C5B8868','6285925337697@s.whatsapp.net','6285925337697@s.whatsapp.net','business','maaf kak sudh bisa','text',NULL,'2025-10-03 02:55:20.000',1,0,NULL,'2025-10-03 02:55:20.814','2025-10-03 02:59:29.156'),('cmga98d270000uebkgqlkn530','3EB0572C285A42D0784CC9','6285717962597-1630576242@g.us','6285717962597-1630576242@g.us','business','yth tim\nmohon bantuan validasi \nNIM : 817163206\nberkas sudah di unggah terimakasih','text',NULL,'2025-10-03 02:58:13.000',0,0,NULL,'2025-10-03 02:58:15.967','2025-10-03 02:58:15.967'),('cmga99wsh0001uebk3tgju3h2','AC0CF2FA4AB0A177C8C000D69EC74310','6285245418211-1440647835@g.us','6285245418211-1440647835@g.us','business','Yth tim\nMohon di proses paket tertinggal semester 5 dengan nim 836240664 sudah melakukan pembayaran agar bisa regis matakuliah semester tersebut\nAtas perhatiannya terima kasih','text',NULL,'2025-10-03 02:59:28.000',0,0,NULL,'2025-10-03 02:59:28.194','2025-10-03 02:59:28.194'),('cmga9dfmw0003uebkg594r4fv','D8F08479A737A949C5938FA744E80AE3','6282261621500@s.whatsapp.net','6282261621500@s.whatsapp.net','business','Mau nanya, saya mau cek jadwal TTM/TUWEB, pas mau masukin NIM nya ko ga terdaftar ya NIM nya','image',NULL,'2025-10-03 03:02:12.000',0,0,NULL,'2025-10-03 03:02:12.585','2025-10-03 03:02:12.585'),('cmga9djn90004uebkwegeckjq','AC27930B61244F5A02A9BCD3229B2A69','6285941451714@s.whatsapp.net','6285941451714@s.whatsapp.net','business','1.300.000 itu udah bersih semuanya kak? sks segala macemnya?','text',NULL,'2025-10-03 03:02:17.000',1,0,NULL,'2025-10-03 03:02:17.781','2025-10-03 03:51:36.636'),('cmga9dzbb0005uebko0wqd7tr','AC8A0446B1E613C6D5EA16C0E137917B','6285941451714@s.whatsapp.net','6285941451714@s.whatsapp.net','business','setiap pertemuan brapa jam?','text',NULL,'2025-10-03 03:02:38.000',1,0,NULL,'2025-10-03 03:02:38.087','2025-10-03 03:51:36.636'),('cmga9eua30006uebkes4hkxyz','AC3F81207F3A3A3DB72CD0CCB3A517BC','6285710102592@s.whatsapp.net','6285710102592@s.whatsapp.net','business','Yg mana no ya kak','text',NULL,'2025-10-03 03:03:16.000',0,0,NULL,'2025-10-03 03:03:18.219','2025-10-03 03:03:18.219'),('cmga9ev3z0007uebk2c0pdusk','3EB0A419E119662AE3636F','6285717962597-1630576242@g.us','6285717962597-1630576242@g.us','business','817163206 OK/DA','text',NULL,'2025-10-03 03:03:17.000',0,0,NULL,'2025-10-03 03:03:19.296','2025-10-03 03:03:19.296'),('cmga9gbu60008uebk81sgfrrw','3EB0561162DA5681A59BE9','6285245418211-1440647835@g.us','6285245418211-1440647835@g.us','business','Yth Tim\nMohon bantuan proses pindah UT Daerah NIM 044363885\nTerima kasih','text',NULL,'2025-10-03 03:04:27.000',0,0,NULL,'2025-10-03 03:04:27.630','2025-10-03 03:04:27.630'),('cmga9ghl30009uebk2263p7t5','3EB0D5FD0E6C18905F41B4','6285245418211-1440647835@g.us','6285245418211-1440647835@g.us','business','836240664 Paket tertinggal semester 5 mahasiswa tersebut sudah berstatus aktif','text',NULL,'2025-10-03 03:04:34.000',0,0,NULL,'2025-10-03 03:04:35.079','2025-10-03 03:04:35.079'),('cmga9iz7i000auebkvciwkd86','3EB03CE6276F7BD14E88E1','6285245418211-1440647835@g.us','6285245418211-1440647835@g.us','business','044363885 Form ubah DP bukan yang terbaru. Mohon perbarui formulir.','text',NULL,'2025-10-03 03:06:31.000',0,0,NULL,'2025-10-03 03:06:31.230','2025-10-03 03:06:31.230'),('cmga9ozpw000cuebknvhuv21c','3A60CF77F3492CEAE38A','628871731290@s.whatsapp.net','628871731290@s.whatsapp.net','business','Iya ka','text',NULL,'2025-10-03 03:11:12.000',0,0,NULL,'2025-10-03 03:11:11.828','2025-10-03 03:11:11.828'),('cmga9r3fo000duebk5lgtkb4v','3EB045DFB437C2B0201AA7','6285717962597-1630576242@g.us','6285717962597-1630576242@g.us','business','Yth. Tim, mohon dibantu mhs status DS an. 837141348\nSOPHIA NINGTYAS, kurang berkasnya apa saja?, terima kasih sebelumnya🙏','text',NULL,'2025-10-03 03:12:49.000',0,0,NULL,'2025-10-03 03:12:49.957','2025-10-03 03:12:49.957'),('cmga9rq38000euebkv2sew9rx','3AA389CBDA96978F7D88','6281213039309@s.whatsapp.net','6281213039309@s.whatsapp.net','business','nantinyaa ada grupnya ga ya kak?','text',NULL,'2025-10-03 03:13:19.000',1,0,NULL,'2025-10-03 03:13:19.317','2025-10-03 03:52:02.677'),('cmga9sr8g0000ueqsgbixjuq5','3EB048452C58DDBD48F900','6285245418211-1440647835@g.us','6285245418211-1440647835@g.us','business','Yth. Tim\nmohon bantuannya proses pengunduran diri mahasiswa \n\nNama : DODY RISMAN\nNim  : 041059866\n\nBerkas sudah di Upload di srs4g\nterima kasih','image',NULL,'2025-10-03 03:14:04.000',0,0,NULL,'2025-10-03 03:14:07.457','2025-10-03 03:14:07.457'),('cmga9ta2i0001ueqsttsd9sn3','3EB0E56D30548CF1635C88','6285245418211-1440647835@g.us','6285245418211-1440647835@g.us','business','Yth. Tim\nmohon bantuan DA kan 022525847 , foto KTP sudah unggah. trims','text',NULL,'2025-10-03 03:14:31.000',0,0,NULL,'2025-10-03 03:14:31.867','2025-10-03 03:14:31.867'),('cmga9unha0002ueqshyxt2vaw','ACB32A8C48071ACE3A1A1390440883B9','6285941451714@s.whatsapp.net','6285941451714@s.whatsapp.net','business','untuk biaya bisa diangsur ka?','text',NULL,'2025-10-03 03:15:35.000',1,0,NULL,'2025-10-03 03:15:35.902','2025-10-03 03:51:36.636'),('cmga9vae10003ueqsul9xxros','ACCDB2504F43701B308AA6A50C0325DE','6285893302680@s.whatsapp.net','6285893302680@s.whatsapp.net','business','Udah ada semua kak, makasihh','text',NULL,'2025-10-03 03:16:05.000',0,0,NULL,'2025-10-03 03:16:05.593','2025-10-03 03:16:05.593'),('cmga9vfi30004ueqs0c137mr6','AC2330BD873764948D35743BDEA6207A','6285819051396@s.whatsapp.net','6285819051396@s.whatsapp.net','business','Oh iya kak, makasih, soalnya takut ngaruh','text',NULL,'2025-10-03 03:16:12.000',0,0,NULL,'2025-10-03 03:16:12.219','2025-10-03 03:16:12.219'),('cmga9z4xy0005ueqsmb5s1vt1','3EB0F1408AE637ACB20173','6285717962597-1630576242@g.us','6285717962597-1630576242@g.us','business','837141348 DS : Ttranskrip nilai dan SKM tidak ada','text',NULL,'2025-10-03 03:19:05.000',0,0,NULL,'2025-10-03 03:19:05.158','2025-10-03 03:19:05.158'),('cmga9zeta0006ueqswhqfs4wk','A5330410FD1FAE005C2DDF26B95EAB0D','6281210210925@s.whatsapp.net','6281210210925@s.whatsapp.net','business','Trimakasih informasi nya','text',NULL,'2025-10-03 03:19:15.000',0,0,NULL,'2025-10-03 03:19:17.951','2025-10-03 03:19:17.951'),('cmgaa230s0007ueqs0yb6wm6k','ACBD16F1A77DC6B4AFFFAE2C091BA49C','6287774011798@s.whatsapp.net','6287774011798@s.whatsapp.net','business','Oke min, saya daftar lagi aja ya soalnya idah 3 hari juga ditungguin belom email aktivasi. Padahal nomer hp sama email yg saya cantumin bener gada kesalahan','text',NULL,'2025-10-03 03:21:22.000',0,0,NULL,'2025-10-03 03:21:22.637','2025-10-03 03:21:22.637'),('cmgaa5buk0008ueqsym6s4co5','AC1C0E1228D59C45B96A5B03761BDD15','6283879138643@s.whatsapp.net','6283879138643@s.whatsapp.net','business','iyah silayar pas ngerjain kuis osmb itu','text',NULL,'2025-10-03 03:23:54.000',0,0,NULL,'2025-10-03 03:23:54.045','2025-10-03 03:23:54.045'),('cmgaa5j800009ueqsqx8xoao2','3EB0F7D7AE8244E00AC81D','6285245418211-1440647835@g.us','6285245418211-1440647835@g.us','business','041059866 solved','text',NULL,'2025-10-03 03:24:03.000',0,0,NULL,'2025-10-03 03:24:03.601','2025-10-03 03:24:03.601'),('cmgaa5k2w000aueqsf2g9ite3','AC181FD136C31B7ED956AF754BD6B9BC','6283879138643@s.whatsapp.net','6283879138643@s.whatsapp.net','business','pdhl udh smua cm gbs lanjut ke yopik brikutnya','text',NULL,'2025-10-03 03:24:05.000',0,0,NULL,'2025-10-03 03:24:04.713','2025-10-03 03:24:04.713'),('cmgaa7qfw000cueqsq587sej5','3EB0485AA7CFB53EC3B4D2','6285245418211-1440647835@g.us','6285245418211-1440647835@g.us','business','022525847 OK/DA','text',NULL,'2025-10-03 03:25:46.000',0,0,NULL,'2025-10-03 03:25:46.269','2025-10-03 03:25:46.269'),('cmgaaacf5000dueqs7ve52de7','AC43721A786A6F6F3E3E444AA7AC171D','6283893331417@s.whatsapp.net','6283893331417@s.whatsapp.net','business','oalaa, pembayarannya gmn yaa','text',NULL,'2025-10-03 03:27:48.000',0,0,NULL,'2025-10-03 03:27:48.066','2025-10-03 03:27:48.066'),('cmgaaafs9000eueqsf4m5p06n','ACD6D374633D75B7B6DE1FBCDD5FBCEA','6283893331417@s.whatsapp.net','6283893331417@s.whatsapp.net','business','ke ut lgsg bsa ga ka','text',NULL,'2025-10-03 03:27:52.000',0,0,NULL,'2025-10-03 03:27:52.426','2025-10-03 03:27:52.426'),('cmgaac0in000fueqse4dlbiv6','3A42845F932899B34128','6285246197319@s.whatsapp.net','6285246197319@s.whatsapp.net','business','Kalo mau aktif kembali gimana ya ka','text',NULL,'2025-10-03 03:29:05.000',0,0,NULL,'2025-10-03 03:29:05.951','2025-10-03 03:29:05.951'),('cmgaaexs6000gueqsds5ahtxd','AC1D4BCE190E049D64B964CD0FB7E58E','6285774440792@s.whatsapp.net','6285774440792@s.whatsapp.net','business',NULL,'text',NULL,'2025-10-03 03:31:22.000',0,0,NULL,'2025-10-03 03:31:22.374','2025-10-03 03:31:22.374'),('cmgaaey0n000hueqs56xawl4y','AC2272422301E4B56D32CB8BE3EFECAF','6285774440792@s.whatsapp.net','6285774440792@s.whatsapp.net','business',NULL,'image',NULL,'2025-10-03 03:31:22.000',0,0,NULL,'2025-10-03 03:31:22.680','2025-10-03 03:31:22.680'),('cmgaaey9n000iueqs9f3c0cn4','AC6BBB6F414EFB1786E94737760C2E6E','6285774440792@s.whatsapp.net','6285774440792@s.whatsapp.net','business',NULL,'image',NULL,'2025-10-03 03:31:23.000',0,0,NULL,'2025-10-03 03:31:23.003','2025-10-03 03:31:23.003'),('cmgaagmlw0000ue7gp56bf94x','ACA34BE599E31DF02B12A70714008695','6281297181534@s.whatsapp.net','6281297181534@s.whatsapp.net','business','Misal ngambil UKT sudah ga perlu karil juga begitu kah min?','text',NULL,'2025-10-03 03:32:39.000',0,0,NULL,'2025-10-03 03:32:41.205','2025-10-03 03:32:41.205'),('cmgaai6xi0001ue7gd3dgmzqo','2A7AEBCBCAE113035A8F','6281911133853@s.whatsapp.net','6281911133853@s.whatsapp.net','business','Selamat siang','text',NULL,'2025-10-03 03:33:54.000',1,0,NULL,'2025-10-03 03:33:54.198','2025-10-03 03:34:49.293'),('cmgaaimcx0002ue7g3s8x7x0f','2A7B7AC101F514C58A26','6281911133853@s.whatsapp.net','6281911133853@s.whatsapp.net','business','Kalo saya mau ganti kuliah ke program salut bisa kah?','text',NULL,'2025-10-03 03:34:14.000',1,0,NULL,'2025-10-03 03:34:14.194','2025-10-03 03:34:49.293'),('cmgaaj3ka0003ue7g4wp43yz2','3EB07CD8DD8219D9A72700','628881756825@s.whatsapp.net','628881756825@s.whatsapp.net','business','056288647 ini ya kak','text',NULL,'2025-10-03 03:34:36.000',0,0,NULL,'2025-10-03 03:34:36.490','2025-10-03 03:34:36.490'),('cmgaakw6r0004ue7g32ubw7uq','ACF925AA2C2ABB621A558C5749E4A7BD','6283821833600@s.whatsapp.net','6283821833600@s.whatsapp.net','business','Sudah kak, cuman itu kantor cabang serang tutup gimana kak?','text',NULL,'2025-10-03 03:36:00.000',0,0,NULL,'2025-10-03 03:36:00.244','2025-10-03 03:36:00.244'),('cmgaal3s90005ue7gtbpq7ic8','3A53D0DAD8F61FA6F7E5','6281212976331@s.whatsapp.net','6281212976331@s.whatsapp.net','business','Saya wahyu NIM= 057046089\nSaya mau nanya, perihal login di MyUT menggunakan laptop saya gagal terus keterangan password salah, apakah bisa di Bantu min ?','text',NULL,'2025-10-03 03:36:10.000',0,0,NULL,'2025-10-03 03:36:10.090','2025-10-03 03:36:10.090'),('cmgaalf8p0006ue7g93iwrb92','3A7DC714E4C1C70A68D2','6281212976331@s.whatsapp.net','6281212976331@s.whatsapp.net','business','Saya wahyu NIM= 057046089\nSaya mau nanya, perihal login di MyUT menggunakan laptop saya gagal terus keterangan password salah, apakah bisa di Bantu min ?','text',NULL,'2025-10-03 03:36:25.000',0,0,NULL,'2025-10-03 03:36:24.938','2025-10-03 03:36:24.938'),('cmgaalmcg0007ue7gm7y68am9','A53AD89CD107FD6B2808BE7E46C4F06A','6281213989418@s.whatsapp.net','6281213989418@s.whatsapp.net','business','Berapa tahun ya kalau alih jenjang?','text',NULL,'2025-10-03 03:36:34.000',0,0,NULL,'2025-10-03 03:36:34.144','2025-10-03 03:36:34.144'),('cmgaam74y0008ue7gqu9fkrr9','3EB089A2C03030B0217536','6285219521609@s.whatsapp.net','6285219521609@s.whatsapp.net','business','oalah oke deh','text',NULL,'2025-10-03 03:36:57.000',0,0,NULL,'2025-10-03 03:37:01.090','2025-10-03 03:37:01.090'),('cmgaamn1z0009ue7gnaqy0boy','3EB0475044058175C4B984','6285219521609@s.whatsapp.net','6285219521609@s.whatsapp.net','business','makesure aja senin udh mulai tuton kan','text',NULL,'2025-10-03 03:37:21.000',0,0,NULL,'2025-10-03 03:37:21.719','2025-10-03 03:37:21.719'),('cmgaatq8y000que7gmiptks2i','3A7FA400E7FC6D2CE486','6541252018185@lid','6541252018185@lid','business','iya ka','text',NULL,'2025-10-03 03:42:52.000',1,0,NULL,'2025-10-03 03:42:52.451','2025-10-03 03:48:13.021'),('cmgaatqsa000rue7ggs1cs0oc','3FB4A0A0F284C0A1DD80','6285925337697@s.whatsapp.net','6285925337697@s.whatsapp.net','business','sudah bisa kak ternyata elearningku pernah ganti pass, sekrang udah bisa dibuka, makasih kak','text',NULL,'2025-10-03 03:42:53.000',1,0,NULL,'2025-10-03 03:42:53.146','2025-10-03 03:45:48.330'),('cmgaau1xh000uue7gwun7jxkf','3AD370C0FE40138BB773','6541252018185@lid','6541252018185@lid','business','di coba di my ut dan langsung ke apk tuton juga gabisa','text',NULL,'2025-10-03 03:43:07.000',1,0,NULL,'2025-10-03 03:43:07.589','2025-10-03 03:48:13.021'),('cmgaauifq000vue7gz49s7r84','3ABBC4A077E913995969','6285773287807@s.whatsapp.net','6285773287807@s.whatsapp.net','business','sudah tapi blm ada kak','text',NULL,'2025-10-03 03:43:29.000',1,0,NULL,'2025-10-03 03:43:28.982','2025-10-03 03:45:16.384'),('cmgaaun0s000wue7gqdh6gsoe','3A6C8C5CA150480C26DF','6285773287807@s.whatsapp.net','6285773287807@s.whatsapp.net','business','apa isi data diri pendaftaran ulang?','text',NULL,'2025-10-03 03:43:35.000',1,0,NULL,'2025-10-03 03:43:34.924','2025-10-03 03:45:16.384'),('cmgaawgi7000zue7g8069la66','A55FAA4DE6D9B3FA85CFC2B98A3F6591','6285774389909@s.whatsapp.net','6285774389909@s.whatsapp.net','business','Baik kak','text',NULL,'2025-10-03 03:45:00.000',1,0,NULL,'2025-10-03 03:44:59.791','2025-10-03 03:45:15.586'),('cmgaax25b0012ue7gssx8w5yh','3ABEC88377991EE38DD7','57626264096940@lid','57626264096940@lid','business','terima kasih banyak atas bantuan nya','text',NULL,'2025-10-03 03:45:27.000',1,0,NULL,'2025-10-03 03:45:27.840','2025-10-03 03:45:33.227'),('cmgab2aff001fue7g56ddj1e0','3EB07F7BC51341BA92A83E','6285717962597-1630576242@g.us','6285717962597-1630576242@g.us','business','Yth. Tim\nMohon bantuan validasi berkas mahasiswa NIM 013119428\nTerimaaksih','text',NULL,'2025-10-03 03:49:31.000',0,0,NULL,'2025-10-03 03:49:31.852','2025-10-03 03:49:31.852'),('cmgab2idd001gue7g0iw8mgg5','3EB09D3D69117D3577E8','6285717962597-1630576242@g.us','6285717962597-1630576242@g.us','business',NULL,'text',NULL,'2025-10-03 03:49:42.000',0,0,NULL,'2025-10-03 03:49:42.145','2025-10-03 03:49:42.145'),('cmgab3ars001jue7gw8nrs25p','ACC246321C1F40B9498C6C70A0E2F958','6283879138643@s.whatsapp.net','6283879138643@s.whatsapp.net','business','tp tmn2 sy udh pada bisa dan dpt sertifikatnya kak','text',NULL,'2025-10-03 03:50:19.000',0,0,NULL,'2025-10-03 03:50:18.953','2025-10-03 03:50:18.953'),('cmgab40zn001kue7gw1hdsi82','3A843D0C06774D158CA2','6281213039309@s.whatsapp.net','6281213039309@s.whatsapp.net','business','oke kakk ditunggu infonya ya kakk','text',NULL,'2025-10-03 03:50:53.000',1,0,NULL,'2025-10-03 03:50:52.932','2025-10-03 03:52:02.677'),('cmgab4jj6001nue7g4722bqan','ACE559DBB8140A803441CF26F98E14BC','6285941451714@s.whatsapp.net','6285941451714@s.whatsapp.net','business','melalui web tuh kaya gimana kak? ada pengajarnya atau kita belajar sendiri?','text',NULL,'2025-10-03 03:51:17.000',1,0,NULL,'2025-10-03 03:51:16.963','2025-10-03 03:51:36.636'),('cmgab51n1001oue7ggzlqd852','3AABF54B3CF60D9D8138','6285246197319@s.whatsapp.net','6285246197319@s.whatsapp.net','business','Berarti daftar ylang lagi ya?','text',NULL,'2025-10-03 03:51:40.000',0,0,NULL,'2025-10-03 03:51:40.429','2025-10-03 03:51:40.429'),('cmgab5qzz001rue7g7cu23p7h','3EB0EF489A740C1CBCE4D2','6285245418211-1440647835@g.us','6285245418211-1440647835@g.us','business','Yth Tim mohon bantuannya , ajuan pengunduran diri ,\nberkas sudah diupload :\n056054843','text',NULL,'2025-10-03 03:52:13.000',0,0,NULL,'2025-10-03 03:52:13.295','2025-10-03 03:52:13.295'),('cmgab6av2001sue7gv909qibx','AC7313A61879121C44AAB78B5A2F65E8','6283151491072@s.whatsapp.net','6283151491072@s.whatsapp.net','business','email aktivasinya ga ada aja kak itu gimana ya kak','text',NULL,'2025-10-03 03:52:39.000',0,0,NULL,'2025-10-03 03:52:39.039','2025-10-03 03:52:39.039'),('cmgab6rvs001vue7gxvszx4kg','3EB06F4DC029FAF1836056','6285245418211-1440647835@g.us','6285245418211-1440647835@g.us','business','yth. tim mohon dibantu pengunduran diri mahasiswa\n043883939 URMI ANANDRA LUBIS\nsudah upload berkas di srs4g sejak 2 agustus\nterima kasih tim','text',NULL,'2025-10-03 03:53:00.000',0,0,NULL,'2025-10-03 03:53:01.096','2025-10-03 03:53:01.096'),('cmgab6zbu001wue7g6ptxc7wv','ACC32201879BD67736348C2A7EFF65AC','6283151491072@s.whatsapp.net','6283151491072@s.whatsapp.net','business','udah dari tanggal 1 ga dapet\" email buat aktivasi','text',NULL,'2025-10-03 03:53:10.000',0,0,NULL,'2025-10-03 03:53:10.747','2025-10-03 03:53:10.747'),('cmgab8e2t001zue7gue6xag6y','AC2BFF82B1E494FAFC5A62052650C24D','6283151491072@s.whatsapp.net','6283151491072@s.whatsapp.net','business','nyampe melebihi batas maksimal tapi udah 2 hari tetep ga dapet email-nya kak gimana ya kaj','text',NULL,'2025-10-03 03:54:16.000',0,0,NULL,'2025-10-03 03:54:16.517','2025-10-03 03:54:16.517'),('cmgab8f7h0020ue7gs305exa0','ACC25E6F67902D60F45A037CB6443AED','6283151491072@s.whatsapp.net','6283151491072@s.whatsapp.net','business','kak','text',NULL,'2025-10-03 03:54:18.000',0,0,NULL,'2025-10-03 03:54:17.981','2025-10-03 03:54:17.981'),('cmgab8ix80021ue7g6w2rlj8x','AC1DA436B858CFBB90AB552A0964110C','6281297181534@s.whatsapp.net','6281297181534@s.whatsapp.net','business','Oh kemarin salah denger kali saya ya waktu zoom UKT ada yang bilang cuma ambil salah satu misal udah UKT berarti ga artikel ilmiah gitu','text',NULL,'2025-10-03 03:54:22.000',0,0,NULL,'2025-10-03 03:54:22.796','2025-10-03 03:54:22.796'),('cmgab8msf0024ue7gss2f4hk9','3A692CFE5CE1D96E7AEF','6285246197319@s.whatsapp.net','6285246197319@s.whatsapp.net','business',NULL,'text',NULL,'2025-10-03 03:54:27.000',0,0,NULL,'2025-10-03 03:54:27.807','2025-10-03 03:54:27.807'),('cmgab8qpo0025ue7girh81spz','2AC16A535A016659A7A1','6281911133853@s.whatsapp.net','6281911133853@s.whatsapp.net','business','Boleh kirim kontaknya?','text',NULL,'2025-10-03 03:54:33.000',0,0,NULL,'2025-10-03 03:54:32.893','2025-10-03 03:54:32.893'),('cmgab9nfu0026ue7grms5qn5i','3EB072F14A056502968E87','628881756825@s.whatsapp.net','628881756825@s.whatsapp.net','business','baik kak, kira2 estimasi bisa loginnya kapan ya kak','text',NULL,'2025-10-03 03:55:15.000',0,0,NULL,'2025-10-03 03:55:15.307','2025-10-03 03:55:15.307'),('cmgabahnh002bue7gmfxrpsez','AC00C6CB0635ADD3BA63CD0DA1577A25','6281586981432@s.whatsapp.net','6281586981432@s.whatsapp.net','business','Klau mau ambil besok buka ga kak?','text',NULL,'2025-10-03 03:55:54.000',0,0,NULL,'2025-10-03 03:55:54.461','2025-10-03 03:55:54.461'),('cmgabc2l7002eue7gyh18qlpp','AC124B0EA5733DFAB84564FD591E57DC','6282334499916@s.whatsapp.net','6282334499916@s.whatsapp.net','business','Domisili diserang kk','text',NULL,'2025-10-03 03:57:06.000',0,0,NULL,'2025-10-03 03:57:08.252','2025-10-03 03:57:08.252'),('cmgabcx5s002hue7gvbzrrza7','AC7B2E77A5976606F8D15EACB6C4017C','6282320943282@s.whatsapp.net','6282320943282@s.whatsapp.net','business','Sudah tdk ada biaya2 lainnya ya kak ?','text',NULL,'2025-10-03 03:57:48.000',0,0,NULL,'2025-10-03 03:57:47.873','2025-10-03 03:57:47.873');
/*!40000 ALTER TABLE `whatsappmessage` ENABLE KEYS */;
UNLOCK TABLES;
/*!40103 SET TIME_ZONE=@OLD_TIME_ZONE */;

/*!40101 SET SQL_MODE=@OLD_SQL_MODE */;
/*!40014 SET FOREIGN_KEY_CHECKS=@OLD_FOREIGN_KEY_CHECKS */;
/*!40014 SET UNIQUE_CHECKS=@OLD_UNIQUE_CHECKS */;
/*!40101 SET CHARACTER_SET_CLIENT=@OLD_CHARACTER_SET_CLIENT */;
/*!40101 SET CHARACTER_SET_RESULTS=@OLD_CHARACTER_SET_RESULTS */;
/*!40101 SET COLLATION_CONNECTION=@OLD_COLLATION_CONNECTION */;
/*!40111 SET SQL_NOTES=@OLD_SQL_NOTES */;

-- Dump completed on 2025-10-03 10:57:57


-- Switch databases (manual step required)
-- DROP DATABASE insapp_v3;
-- CREATE DATABASE insapp_v3;
-- USE insapp_v3;
-- SOURCE this file again after manual verification
          